Manager.setStoreName,2019-04-21 17:32:05.129
Mananger.addProduct[],2019-04-21 17:32:05.183
Manager.addClient,2019-04-21 17:32:05.184
Manager.printClients,2019-04-21 17:32:05.185
Manager.addInvoice,2019-04-21 17:32:05.2
Manager.printProducts,2019-04-21 17:32:05.2
Manager.printInvoices,2019-04-21 17:32:05.206
Manager.setStoreName,2019-04-24 16:12:59.989
Mananger.addProduct[],2019-04-24 16:13:00.036
Manager.addClient,2019-04-24 16:13:00.036
Manager.printClients,2019-04-24 16:13:00.036
Manager.addInvoice,2019-04-24 16:13:00.052
Manager.printProducts,2019-04-24 16:13:00.052
Manager.printInvoices,2019-04-24 16:13:00.052
Manager.setStoreName,2019-04-24 16:15:27.396
Mananger.addProduct[],2019-04-24 16:15:27.427
Manager.addClient,2019-04-24 16:15:27.443
Manager.printClients,2019-04-24 16:15:27.443
Manager.addInvoice,2019-04-24 16:15:27.443
Manager.printProducts,2019-04-24 16:15:27.443
Manager.printInvoices,2019-04-24 16:15:27.443
Manager.setStoreName,2019-04-24 16:17:49.682
Mananger.addProduct[],2019-04-24 16:17:49.729
Manager.addClient,2019-04-24 16:17:49.729
Manager.printClients,2019-04-24 16:17:49.729
Manager.addInvoice,2019-04-24 16:17:49.744
Manager.printProducts,2019-04-24 16:17:49.744
Manager.printInvoices,2019-04-24 16:17:49.744
Manager.setStoreName,2019-04-24 16:40:48.589
Mananger.addProduct[],2019-04-24 16:40:48.645
Manager.addClient,2019-04-24 16:40:48.646
Manager.printClients,2019-04-24 16:40:48.646
Manager.addInvoice,2019-04-24 16:40:48.66
Manager.printProducts,2019-04-24 16:40:48.66
Manager.printInvoices,2019-04-24 16:40:48.664
Manager.setStoreName,2019-04-24 16:41:23.458
Mananger.addProduct[],2019-04-24 16:41:23.489
Manager.addClient,2019-04-24 16:41:23.489
Manager.printClients,2019-04-24 16:41:23.489
Manager.addInvoice,2019-04-24 16:41:23.496
Manager.printProducts,2019-04-24 16:41:23.496
Manager.printInvoices,2019-04-24 16:41:23.499
Manager.setStoreName,2019-04-24 16:42:17.886
Manager.printProducts,2019-04-24 16:42:17.915
Manager.setStoreName,2019-04-24 16:48:53.389
Manager.printProducts,2019-04-24 16:48:53.443
Manager.setStoreName,2019-04-24 16:52:37.02
Manager.printProducts,2019-04-24 16:52:37.073
Manager.setStoreName,2019-04-24 16:53:43.401
Manager.printProducts,2019-04-24 16:53:43.428
Manager.setStoreName,2019-04-24 16:54:39.861
Manager.printProducts,2019-04-24 16:54:39.89
Manager.setStoreName,2019-04-24 16:54:49.12
Manager.printProducts,2019-04-24 16:54:49.149
Manager.setStoreName,2019-04-24 16:55:03.817
Manager.printProducts,2019-04-24 16:55:03.846
Manager.setStoreName,2019-04-24 16:55:11.525
Manager.printProducts,2019-04-24 16:55:11.564
Manager.setStoreName,2019-04-24 16:55:23.422
Manager.printProducts,2019-04-24 16:55:23.452
Manager.setStoreName,2019-04-24 16:55:33.606
Manager.printProducts,2019-04-24 16:55:33.638
Manager.setStoreName,2019-04-24 17:01:00.116
Manager.printProducts,2019-04-24 17:01:00.161
Manager.setStoreName,2019-04-24 17:01:23.216
Manager.printProducts,2019-04-24 17:01:23.25
Manager.setStoreName,2019-04-24 18:12:25.12
Manager.printProducts,2019-04-24 18:12:25.183
Manager.setStoreName,2019-04-24 18:13:16.008
Manager.printProducts,2019-04-24 18:13:16.055
Manager.setStoreName,2019-04-24 19:04:40.766
Manager.printProducts,2019-04-24 19:04:40.815
Manager.setStoreName,2019-04-24 19:07:13.272
Manager.printProducts,2019-04-24 19:07:13.304
Manager.setStoreName,2019-04-24 19:07:24.02
Manager.printProducts,2019-04-24 19:07:24.054
Manager.printClients,2019-04-24 19:07:24.065
Manager.setStoreName,2019-04-24 19:07:51.117
Manager.printProducts,2019-04-24 19:07:51.147
Manager.printClients,2019-04-24 19:07:51.157
Manager.setStoreName,2019-04-24 19:08:08.075
Manager.printProducts,2019-04-24 19:08:08.108
Manager.printClients,2019-04-24 19:08:08.118
Manager.setStoreName,2019-04-24 19:35:37.274
Manager.printProducts,2019-04-24 19:35:37.32
Manager.printClients,2019-04-24 19:35:37.336
Manager.getClientById,2019-04-24 19:35:37.336
Manager.setStoreName,2019-04-24 19:35:54.262
Manager.printProducts,2019-04-24 19:35:54.308
Manager.printClients,2019-04-24 19:35:54.324
Manager.getProductById,2019-04-24 19:35:54.324
Manager.setStoreName,2019-04-24 19:36:19.433
Manager.printProducts,2019-04-24 19:36:19.495
Manager.printClients,2019-04-24 19:36:19.511
Manager.getProductById,2019-04-24 19:36:19.517
Manager.setStoreName,2019-04-24 19:37:18.544
Manager.printProducts,2019-04-24 19:37:18.575
Manager.printClients,2019-04-24 19:37:18.591
Manager.getProductById,2019-04-24 19:37:18.591
Manager.setStoreName,2019-04-24 19:37:26.755
Manager.printProducts,2019-04-24 19:37:26.787
Manager.printClients,2019-04-24 19:37:26.802
Manager.getProductById,2019-04-24 19:37:26.802
Manager.setStoreName,2019-04-24 19:40:06.973
Manager.printProducts,2019-04-24 19:40:07.019
Manager.printClients,2019-04-24 19:40:07.035
Manager.getProductById,2019-04-24 19:40:07.051
Manager.getClientById,2019-04-24 19:40:07.082
Manager.setStoreName,2019-04-24 19:40:29.573
Manager.printProducts,2019-04-24 19:40:29.636
Manager.printClients,2019-04-24 19:40:29.651
Manager.getProductById,2019-04-24 19:40:29.651
Manager.getClientById,2019-04-24 19:40:29.698
Manager.getProductById,2019-04-24 19:40:29.698
Manager.getProductById,2019-04-24 19:40:29.698
Manager.getProductById,2019-04-24 19:40:29.698
Manager.getProductById,2019-04-24 19:40:29.698
Manager.getClientById,2019-04-24 19:40:29.698
Manager.getProductById,2019-04-24 19:40:29.698
Manager.getClientById,2019-04-24 19:40:29.698
Manager.getProductById,2019-04-24 19:40:29.698
Manager.setStoreName,2019-04-24 19:40:58.217
Manager.printProducts,2019-04-24 19:40:58.248
Manager.printClients,2019-04-24 19:40:58.267
Manager.getProductById,2019-04-24 19:40:58.268
Manager.getClientById,2019-04-24 19:40:58.287
Manager.getProductById,2019-04-24 19:40:58.287
Manager.getProductById,2019-04-24 19:40:58.287
Manager.getProductById,2019-04-24 19:40:58.287
Manager.getProductById,2019-04-24 19:40:58.287
Manager.getClientById,2019-04-24 19:40:58.287
Manager.getProductById,2019-04-24 19:40:58.287
Manager.getClientById,2019-04-24 19:40:58.287
Manager.getProductById,2019-04-24 19:40:58.287
Manager.printInvoices,2019-04-24 19:40:58.287
Manager.setStoreName,2019-04-24 19:41:40.4
Manager.printProducts,2019-04-24 19:41:40.429
Manager.printClients,2019-04-24 19:41:40.429
Manager.getProductById,2019-04-24 19:41:40.429
Manager.getClientById,2019-04-24 19:41:40.46
Manager.getProductById,2019-04-24 19:41:40.46
Manager.getProductById,2019-04-24 19:41:40.46
Manager.getProductById,2019-04-24 19:41:40.46
Manager.getProductById,2019-04-24 19:41:40.46
Manager.getClientById,2019-04-24 19:41:40.46
Manager.getProductById,2019-04-24 19:41:40.46
Manager.getClientById,2019-04-24 19:41:40.46
Manager.getProductById,2019-04-24 19:41:40.46
Manager.printInvoices,2019-04-24 19:41:40.46
Manager.setStoreName,2019-04-24 19:41:47.918
Manager.printProducts,2019-04-24 19:41:47.949
Manager.printClients,2019-04-24 19:41:47.967
Manager.getProductById,2019-04-24 19:41:47.968
Manager.getClientById,2019-04-24 19:41:47.994
Manager.getProductById,2019-04-24 19:41:47.994
Manager.getProductById,2019-04-24 19:41:47.994
Manager.getProductById,2019-04-24 19:41:47.994
Manager.getProductById,2019-04-24 19:41:47.994
Manager.getClientById,2019-04-24 19:41:47.994
Manager.getProductById,2019-04-24 19:41:47.994
Manager.getClientById,2019-04-24 19:41:47.994
Manager.getProductById,2019-04-24 19:41:47.994
Manager.printInvoices,2019-04-24 19:41:47.994
Manager.setStoreName,2019-04-24 19:42:09.705
Manager.printProducts,2019-04-24 19:42:09.742
Manager.printClients,2019-04-24 19:42:09.753
Manager.getProductById,2019-04-24 19:42:09.754
Manager.getClientById,2019-04-24 19:42:09.782
Manager.getProductById,2019-04-24 19:42:09.782
Manager.getProductById,2019-04-24 19:42:09.783
Manager.getProductById,2019-04-24 19:42:09.783
Manager.getProductById,2019-04-24 19:42:09.783
Manager.getClientById,2019-04-24 19:42:09.784
Manager.getProductById,2019-04-24 19:42:09.784
Manager.getClientById,2019-04-24 19:42:09.784
Manager.getProductById,2019-04-24 19:42:09.784
Manager.printInvoices,2019-04-24 19:42:09.784
Manager.setStoreName,2019-04-24 19:47:57.097
Manager.printProducts,2019-04-24 19:47:57.15
Manager.printClients,2019-04-24 19:47:57.166
Manager.getProductById,2019-04-24 19:47:57.166
Manager.getClientById,2019-04-24 19:47:57.197
Manager.getProductById,2019-04-24 19:47:57.197
Manager.getProductById,2019-04-24 19:47:57.213
Manager.getProductById,2019-04-24 19:47:57.213
Manager.getProductById,2019-04-24 19:47:57.213
Manager.getClientById,2019-04-24 19:47:57.213
Manager.getProductById,2019-04-24 19:47:57.213
Manager.getClientById,2019-04-24 19:47:57.213
Manager.getProductById,2019-04-24 19:47:57.213
Manager.printInvoices,2019-04-24 19:47:57.213
Manager.setStoreName,2019-04-24 19:50:57.529
Manager.printProducts,2019-04-24 19:50:57.575
Manager.printClients,2019-04-24 19:50:57.591
Manager.getProductById,2019-04-24 19:50:57.591
Manager.getClientById,2019-04-24 19:50:57.638
Manager.getProductById,2019-04-24 19:50:57.638
Manager.getProductById,2019-04-24 19:50:57.638
Manager.getProductById,2019-04-24 19:50:57.638
Manager.getProductById,2019-04-24 19:50:57.638
Manager.getClientById,2019-04-24 19:50:57.653
Manager.getProductById,2019-04-24 19:50:57.653
Manager.getClientById,2019-04-24 19:50:57.653
Manager.getProductById,2019-04-24 19:50:57.653
Manager.printInvoices,2019-04-24 19:50:57.653
Manager.setStoreName,2019-04-24 19:51:07.899
Manager.printProducts,2019-04-24 19:51:07.946
Manager.printClients,2019-04-24 19:51:07.961
Manager.getProductById,2019-04-24 19:51:07.961
Manager.getClientById,2019-04-24 19:51:08.008
Manager.getProductById,2019-04-24 19:51:08.008
Manager.getProductById,2019-04-24 19:51:08.008
Manager.getProductById,2019-04-24 19:51:08.008
Manager.getProductById,2019-04-24 19:51:08.008
Manager.getClientById,2019-04-24 19:51:08.008
Manager.getProductById,2019-04-24 19:51:08.008
Manager.getClientById,2019-04-24 19:51:08.008
Manager.getProductById,2019-04-24 19:51:08.008
Manager.printInvoices,2019-04-24 19:51:08.008
Manager.setStoreName,2019-04-24 19:52:25.836
Manager.printProducts,2019-04-24 19:52:25.883
Manager.printClients,2019-04-24 19:52:25.899
Manager.getProductById,2019-04-24 19:52:25.899
Manager.getClientById,2019-04-24 19:52:25.946
Manager.getProductById,2019-04-24 19:52:25.946
Manager.getProductById,2019-04-24 19:52:25.946
Manager.getProductById,2019-04-24 19:52:25.946
Manager.getProductById,2019-04-24 19:52:25.946
Manager.getClientById,2019-04-24 19:52:25.946
Manager.getProductById,2019-04-24 19:52:25.946
Manager.getClientById,2019-04-24 19:52:25.946
Manager.getProductById,2019-04-24 19:52:25.946
Manager.printInvoices,2019-04-24 19:52:25.946
Manager.setStoreName,2019-04-24 20:00:29.733
Manager.printProducts,2019-04-24 20:00:29.764
Manager.printClients,2019-04-24 20:00:29.795
Manager.getProductById,2019-04-24 20:00:29.795
Manager.getClientById,2019-04-24 20:00:29.842
Manager.getProductById,2019-04-24 20:00:29.842
Manager.getProductById,2019-04-24 20:00:29.842
Manager.getProductById,2019-04-24 20:00:29.842
Manager.getProductById,2019-04-24 20:00:29.842
Manager.getClientById,2019-04-24 20:00:29.842
Manager.getProductById,2019-04-24 20:00:29.842
Manager.getClientById,2019-04-24 20:00:29.842
Manager.getProductById,2019-04-24 20:00:29.842
Manager.printInvoices,2019-04-24 20:00:29.842
Manager.getInvoiceById,2019-04-24 20:00:29.842
Manager.setStoreName,2019-04-24 20:00:42.743
Manager.printProducts,2019-04-24 20:00:42.774
Manager.printClients,2019-04-24 20:00:42.774
Manager.getProductById,2019-04-24 20:00:42.774
Manager.getClientById,2019-04-24 20:00:42.805
Manager.getProductById,2019-04-24 20:00:42.805
Manager.getProductById,2019-04-24 20:00:42.805
Manager.getProductById,2019-04-24 20:00:42.805
Manager.getProductById,2019-04-24 20:00:42.805
Manager.getClientById,2019-04-24 20:00:42.805
Manager.getProductById,2019-04-24 20:00:42.805
Manager.getClientById,2019-04-24 20:00:42.805
Manager.getProductById,2019-04-24 20:00:42.805
Manager.printInvoices,2019-04-24 20:00:42.805
Manager.getInvoiceById,2019-04-24 20:00:42.805
Manager.setStoreName,2019-04-24 20:09:31.384
Manager.printProducts,2019-04-24 20:09:31.431
Manager.printClients,2019-04-24 20:09:31.447
Manager.getProductById,2019-04-24 20:09:31.447
Manager.getClientById,2019-04-24 20:09:31.478
Manager.getProductById,2019-04-24 20:09:31.478
Manager.getProductById,2019-04-24 20:09:31.478
Manager.getProductById,2019-04-24 20:09:31.478
Manager.getProductById,2019-04-24 20:09:31.478
Manager.getClientById,2019-04-24 20:09:31.478
Manager.getProductById,2019-04-24 20:09:31.494
Manager.getClientById,2019-04-24 20:09:31.494
Manager.getProductById,2019-04-24 20:09:31.494
Manager.printInvoices,2019-04-24 20:09:31.494
Manager.setStoreName,2019-04-24 20:11:08.986
Manager.printProducts,2019-04-24 20:11:09.049
Manager.printClients,2019-04-24 20:11:09.064
Manager.getProductById,2019-04-24 20:11:09.064
Manager.getClientById,2019-04-24 20:11:09.113
Manager.getProductById,2019-04-24 20:11:09.113
Manager.getProductById,2019-04-24 20:11:09.113
Manager.getProductById,2019-04-24 20:11:09.113
Manager.getProductById,2019-04-24 20:11:09.113
Manager.getClientById,2019-04-24 20:11:09.113
Manager.getProductById,2019-04-24 20:11:09.113
Manager.getClientById,2019-04-24 20:11:09.113
Manager.getProductById,2019-04-24 20:11:09.113
Manager.printInvoices,2019-04-24 20:11:09.113
Manager.setStoreName,2019-04-24 20:11:57.567
Manager.printProducts,2019-04-24 20:11:57.598
Manager.printClients,2019-04-24 20:11:57.614
Manager.getProductById,2019-04-24 20:11:57.614
Manager.getClientById,2019-04-24 20:11:57.645
Manager.getProductById,2019-04-24 20:11:57.645
Manager.getProductById,2019-04-24 20:11:57.645
Manager.getProductById,2019-04-24 20:11:57.645
Manager.getProductById,2019-04-24 20:11:57.645
Manager.getClientById,2019-04-24 20:11:57.645
Manager.getProductById,2019-04-24 20:11:57.645
Manager.getClientById,2019-04-24 20:11:57.645
Manager.getProductById,2019-04-24 20:11:57.645
Manager.printInvoices,2019-04-24 20:11:57.645
Manager.setStoreName,2019-04-24 20:13:03.217
Manager.printProducts,2019-04-24 20:13:03.264
Manager.printClients,2019-04-24 20:13:03.286
Manager.getProductById,2019-04-24 20:13:03.286
Manager.getClientById,2019-04-24 20:13:03.333
Manager.getProductById,2019-04-24 20:13:03.333
Manager.getProductById,2019-04-24 20:13:03.333
Manager.getProductById,2019-04-24 20:13:03.333
Manager.getProductById,2019-04-24 20:13:03.333
Manager.getClientById,2019-04-24 20:13:03.333
Manager.getProductById,2019-04-24 20:13:03.333
Manager.getClientById,2019-04-24 20:13:03.333
Manager.getProductById,2019-04-24 20:13:03.333
Manager.printInvoices,2019-04-24 20:13:03.333
Manager.setStoreName,2019-04-24 20:14:26.91
Manager.printProducts,2019-04-24 20:14:26.957
Manager.printClients,2019-04-24 20:14:26.971
Manager.getProductById,2019-04-24 20:14:26.977
Manager.getClientById,2019-04-24 20:14:27.016
Manager.getProductById,2019-04-24 20:14:27.016
Manager.getProductById,2019-04-24 20:14:27.016
Manager.getProductById,2019-04-24 20:14:27.016
Manager.getProductById,2019-04-24 20:14:27.016
Manager.getClientById,2019-04-24 20:14:27.016
Manager.getProductById,2019-04-24 20:14:27.016
Manager.getClientById,2019-04-24 20:14:27.016
Manager.getProductById,2019-04-24 20:14:27.016
Manager.printInvoices,2019-04-24 20:14:27.016
Manager.setStoreName,2019-04-24 20:18:47.897
Manager.printProducts,2019-04-24 20:18:47.944
Manager.printClients,2019-04-24 20:18:47.96
Manager.getProductById,2019-04-24 20:18:47.96
Manager.getClientById,2019-04-24 20:18:48.007
Manager.getProductById,2019-04-24 20:18:48.007
Manager.getProductById,2019-04-24 20:18:48.007
Manager.getProductById,2019-04-24 20:18:48.007
Manager.getProductById,2019-04-24 20:18:48.007
Manager.getClientById,2019-04-24 20:18:48.007
Manager.getProductById,2019-04-24 20:18:48.007
Manager.getClientById,2019-04-24 20:18:48.007
Manager.getProductById,2019-04-24 20:18:48.007
Manager.printInvoices,2019-04-24 20:18:48.007
Manager.addProduct,2019-04-24 20:18:48.022
Manager.setStoreName,2019-04-24 20:19:17.639
Manager.printProducts,2019-04-24 20:19:17.678
Manager.printClients,2019-04-24 20:19:17.694
Manager.getProductById,2019-04-24 20:19:17.696
Manager.getClientById,2019-04-24 20:19:17.727
Manager.getProductById,2019-04-24 20:19:17.727
Manager.getProductById,2019-04-24 20:19:17.727
Manager.getProductById,2019-04-24 20:19:17.727
Manager.getProductById,2019-04-24 20:19:17.728
Manager.getClientById,2019-04-24 20:19:17.728
Manager.getProductById,2019-04-24 20:19:17.729
Manager.getClientById,2019-04-24 20:19:17.729
Manager.getProductById,2019-04-24 20:19:17.729
Manager.printInvoices,2019-04-24 20:19:17.729
Manager.addProduct,2019-04-24 20:19:17.731
Manager.setStoreName,2019-04-25 08:17:53.689
Manager.printProducts,2019-04-25 08:17:53.814
Manager.printClients,2019-04-25 08:17:53.845
Manager.getProductById,2019-04-25 08:17:53.845
Manager.getClientById,2019-04-25 08:17:53.892
Manager.getProductById,2019-04-25 08:17:53.892
Manager.getProductById,2019-04-25 08:17:53.892
Manager.getProductById,2019-04-25 08:17:53.892
Manager.getProductById,2019-04-25 08:17:53.892
Manager.getClientById,2019-04-25 08:17:53.939
Manager.getProductById,2019-04-25 08:17:53.954
Manager.getClientById,2019-04-25 08:17:53.954
Manager.getProductById,2019-04-25 08:17:53.954
Manager.printInvoices,2019-04-25 08:17:53.954
Manager.addProduct,2019-04-25 08:17:53.954
Manager.setStoreName,2019-04-25 08:54:35.977
Manager.readProductsCSV,2019-04-25 08:54:36.04
Manager.readCSV,2019-04-25 08:54:36.04
Manager.readClientCSV,2019-04-25 08:54:36.04
Manager.readCSV,2019-04-25 08:54:36.04
Manager.printProducts,2019-04-25 08:54:36.04
Product.getName,2019-04-25 08:54:36.056
Product.getPrice,2019-04-25 08:54:36.056
Product.getName,2019-04-25 08:54:36.071
Product.getPrice,2019-04-25 08:54:36.071
Product.getName,2019-04-25 08:54:36.071
Product.getPrice,2019-04-25 08:54:36.071
Product.getName,2019-04-25 08:54:36.071
Product.getPrice,2019-04-25 08:54:36.071
Product.getName,2019-04-25 08:54:36.071
Product.getPrice,2019-04-25 08:54:36.071
Product.getName,2019-04-25 08:54:36.071
Product.getPrice,2019-04-25 08:54:36.071
Product.getName,2019-04-25 08:54:36.071
Product.getPrice,2019-04-25 08:54:36.071
Product.getName,2019-04-25 08:54:36.071
Product.getPrice,2019-04-25 08:54:36.071
Manager.printClients,2019-04-25 08:54:36.071
Manager.getProductById,2019-04-25 08:54:36.071
Manager.readInvoiceCSV,2019-04-25 08:54:36.149
Manager.readCSV,2019-04-25 08:54:36.149
Manager.getClientById,2019-04-25 08:54:36.149
Manager.getProductById,2019-04-25 08:54:36.149
Manager.getProductById,2019-04-25 08:54:36.149
Manager.getProductById,2019-04-25 08:54:36.149
Manager.getProductById,2019-04-25 08:54:36.149
Manager.getClientById,2019-04-25 08:54:36.149
Manager.getProductById,2019-04-25 08:54:36.165
Manager.getClientById,2019-04-25 08:54:36.165
Manager.getProductById,2019-04-25 08:54:36.165
Manager.printInvoices,2019-04-25 08:54:36.165
Product.getPrice,2019-04-25 08:54:36.165
Product.getPrice,2019-04-25 08:54:36.165
Product.getPrice,2019-04-25 08:54:36.165
Product.getPrice,2019-04-25 08:54:36.181
Product.getPrice,2019-04-25 08:54:36.181
Product.getPrice,2019-04-25 08:54:36.181
Manager.addProduct,2019-04-25 08:54:36.181
Manager.printProductsCSV,2019-04-25 08:54:36.181
Manager.printClientCSV,2019-04-25 08:54:36.243
Manager.setStoreName,2019-04-25 08:54:36.149
Manager.readProductsCSV,2019-04-25 08:54:36.259
Manager.readCSV,2019-04-25 08:54:36.259
Manager.readClientCSV,2019-04-25 08:54:36.274
Manager.readCSV,2019-04-25 08:54:36.274
Manager.printProducts,2019-04-25 08:54:36.274
Product.getName,2019-04-25 08:54:36.274
Product.getPrice,2019-04-25 08:54:36.274
Manager.printInvoicesCSV,2019-04-25 08:54:36.29
Manager.getIdOfProduct,2019-04-25 08:54:36.29
Manager.getIdOfProduct,2019-04-25 08:54:36.29
Manager.getIdOfProduct,2019-04-25 08:54:36.29
Manager.getIdOfProduct,2019-04-25 08:54:36.29
Manager.getIdOfClient,2019-04-25 08:54:36.29
Product.getName,2019-04-25 08:54:36.305
Product.getPrice,2019-04-25 08:54:36.305
Product.getName,2019-04-25 08:54:36.305
Product.getPrice,2019-04-25 08:54:36.305
Product.getName,2019-04-25 08:54:36.305
Product.getPrice,2019-04-25 08:54:36.305
Product.getName,2019-04-25 08:54:36.305
Product.getPrice,2019-04-25 08:54:36.305
Product.getName,2019-04-25 08:54:36.321
Product.getPrice,2019-04-25 08:54:36.321
Product.getName,2019-04-25 08:54:36.321
Product.getPrice,2019-04-25 08:54:36.321
Product.getName,2019-04-25 08:54:36.321
Product.getPrice,2019-04-25 08:54:36.321
Manager.printClients,2019-04-25 08:54:36.321
Manager.getIdOfProduct,2019-04-25 08:54:36.321
Manager.getIdOfClient,2019-04-25 08:54:36.321
Manager.getIdOfProduct,2019-04-25 08:54:36.321
Manager.getIdOfClient,2019-04-25 08:54:36.321
Manager.getProductById,2019-04-25 08:54:36.321
Manager.readInvoiceCSV,2019-04-25 08:54:36.368
Manager.readCSV,2019-04-25 08:54:36.368
Manager.getClientById,2019-04-25 08:54:36.368
Manager.getProductById,2019-04-25 08:54:36.368
Manager.getProductById,2019-04-25 08:54:36.384
Manager.getProductById,2019-04-25 08:54:36.384
Manager.getProductById,2019-04-25 08:54:36.384
Manager.getClientById,2019-04-25 08:54:36.384
Manager.getProductById,2019-04-25 08:54:36.384
Manager.getClientById,2019-04-25 08:54:36.384
Manager.getProductById,2019-04-25 08:54:36.384
Manager.printInvoices,2019-04-25 08:54:36.384
Product.getPrice,2019-04-25 08:54:36.384
Product.getPrice,2019-04-25 08:54:36.384
Product.getPrice,2019-04-25 08:54:36.384
Product.getPrice,2019-04-25 08:54:36.384
Product.getPrice,2019-04-25 08:54:36.384
Product.getPrice,2019-04-25 08:54:36.384
Manager.addProduct,2019-04-25 08:54:36.384
Manager.printProductsCSV,2019-04-25 08:54:36.384
Manager.printClientCSV,2019-04-25 08:54:36.43
Manager.printInvoicesCSV,2019-04-25 08:54:36.462
Manager.getIdOfProduct,2019-04-25 08:54:36.462
Manager.getIdOfProduct,2019-04-25 08:54:36.462
Manager.getIdOfProduct,2019-04-25 08:54:36.462
Manager.getIdOfProduct,2019-04-25 08:54:36.462
Manager.getIdOfClient,2019-04-25 08:54:36.462
Manager.getIdOfProduct,2019-04-25 08:54:36.477
Manager.getIdOfClient,2019-04-25 08:54:36.477
Manager.getIdOfProduct,2019-04-25 08:54:36.493
Manager.getIdOfClient,2019-04-25 08:54:36.493
Manager.setStoreName,2019-04-26 12:17:01.059
Manager.readProductsCSV,2019-04-26 12:17:01.153
Manager.readCSV,2019-04-26 12:17:01.153
Manager.readClientCSV,2019-04-26 12:17:01.184
Manager.readCSV,2019-04-26 12:17:01.184
Manager.printProducts,2019-04-26 12:17:01.184
Product.getName,2019-04-26 12:17:01.184
Product.getPrice,2019-04-26 12:17:01.184
Product.getName,2019-04-26 12:17:01.215
Product.getPrice,2019-04-26 12:17:01.215
Product.getName,2019-04-26 12:17:01.215
Product.getPrice,2019-04-26 12:17:01.215
Product.getName,2019-04-26 12:17:01.215
Product.getPrice,2019-04-26 12:17:01.215
Product.getName,2019-04-26 12:17:01.231
Product.getPrice,2019-04-26 12:17:01.231
Product.getName,2019-04-26 12:17:01.231
Product.getPrice,2019-04-26 12:17:01.231
Product.getName,2019-04-26 12:17:01.231
Product.getPrice,2019-04-26 12:17:01.231
Product.getName,2019-04-26 12:17:01.231
Product.getPrice,2019-04-26 12:17:01.231
Manager.printClients,2019-04-26 12:17:01.231
Manager.getProductById,2019-04-26 12:17:01.231
Manager.readInvoiceCSV,2019-04-26 12:17:01.246
Manager.readCSV,2019-04-26 12:17:01.246
Manager.getClientById,2019-04-26 12:17:01.277
Manager.getProductById,2019-04-26 12:17:01.277
Manager.getProductById,2019-04-26 12:17:01.277
Manager.getProductById,2019-04-26 12:17:01.277
Manager.getProductById,2019-04-26 12:17:01.277
Manager.getClientById,2019-04-26 12:17:01.293
Manager.getProductById,2019-04-26 12:17:01.293
Manager.getClientById,2019-04-26 12:17:01.293
Manager.getProductById,2019-04-26 12:17:01.293
Manager.printInvoices,2019-04-26 12:17:01.293
Product.getPrice,2019-04-26 12:17:01.293
Product.getPrice,2019-04-26 12:17:01.293
Product.getPrice,2019-04-26 12:17:01.293
Product.getPrice,2019-04-26 12:17:01.293
Product.getPrice,2019-04-26 12:17:01.293
Product.getPrice,2019-04-26 12:17:01.293
Manager.addProduct,2019-04-26 12:17:01.293
Manager.printProductsCSV,2019-04-26 12:17:01.293
Manager.printClientCSV,2019-04-26 12:17:01.324
Manager.printInvoicesCSV,2019-04-26 12:17:01.371
Manager.getIdOfProduct,2019-04-26 12:17:01.402
Manager.getIdOfProduct,2019-04-26 12:17:01.402
Manager.getIdOfProduct,2019-04-26 12:17:01.402
Manager.getIdOfProduct,2019-04-26 12:17:01.402
Manager.getIdOfClient,2019-04-26 12:17:01.402
Manager.getIdOfProduct,2019-04-26 12:17:01.481
Manager.getIdOfClient,2019-04-26 12:17:01.481
Manager.getIdOfProduct,2019-04-26 12:17:01.481
Manager.getIdOfClient,2019-04-26 12:17:01.481
Manager.setStoreName,2019-04-26 12:17:22.964
Manager.readProductsCSV,2019-04-26 12:17:23.027
Manager.readCSV,2019-04-26 12:17:23.027
Manager.readClientCSV,2019-04-26 12:17:23.027
Manager.readCSV,2019-04-26 12:17:23.027
Manager.printProducts,2019-04-26 12:17:23.027
Product.getName,2019-04-26 12:17:23.027
Product.getPrice,2019-04-26 12:17:23.027
Product.getName,2019-04-26 12:17:23.042
Product.getPrice,2019-04-26 12:17:23.042
Product.getName,2019-04-26 12:17:23.042
Product.getPrice,2019-04-26 12:17:23.042
Product.getName,2019-04-26 12:17:23.042
Product.getPrice,2019-04-26 12:17:23.042
Product.getName,2019-04-26 12:17:23.042
Product.getPrice,2019-04-26 12:17:23.058
Product.getName,2019-04-26 12:17:23.058
Product.getPrice,2019-04-26 12:17:23.058
Product.getName,2019-04-26 12:17:23.058
Product.getPrice,2019-04-26 12:17:23.058
Product.getName,2019-04-26 12:17:23.058
Product.getPrice,2019-04-26 12:17:23.058
Manager.printClients,2019-04-26 12:17:23.058
Manager.getProductById,2019-04-26 12:17:23.058
Manager.readInvoiceCSV,2019-04-26 12:17:23.102
Manager.readCSV,2019-04-26 12:17:23.102
Manager.getClientById,2019-04-26 12:17:23.102
Manager.getProductById,2019-04-26 12:17:23.102
Manager.getProductById,2019-04-26 12:17:23.102
Manager.getProductById,2019-04-26 12:17:23.102
Manager.getProductById,2019-04-26 12:17:23.102
Manager.getClientById,2019-04-26 12:17:23.102
Manager.getProductById,2019-04-26 12:17:23.102
Manager.getClientById,2019-04-26 12:17:23.102
Manager.getProductById,2019-04-26 12:17:23.102
Manager.printInvoices,2019-04-26 12:17:23.102
Product.getPrice,2019-04-26 12:17:23.102
Product.getPrice,2019-04-26 12:17:23.102
Product.getPrice,2019-04-26 12:17:23.102
Product.getPrice,2019-04-26 12:17:23.102
Product.getPrice,2019-04-26 12:17:23.118
Product.getPrice,2019-04-26 12:17:23.118
Manager.addProduct,2019-04-26 12:17:23.118
Manager.printProductsCSV,2019-04-26 12:17:23.118
Manager.printClientCSV,2019-04-26 12:17:23.149
Manager.printInvoicesCSV,2019-04-26 12:17:23.164
Manager.getIdOfProduct,2019-04-26 12:17:23.164
Manager.getIdOfProduct,2019-04-26 12:17:23.164
Manager.getIdOfProduct,2019-04-26 12:17:23.164
Manager.getIdOfProduct,2019-04-26 12:17:23.164
Manager.getIdOfClient,2019-04-26 12:17:23.164
Manager.getIdOfProduct,2019-04-26 12:17:23.18
Manager.getIdOfClient,2019-04-26 12:17:23.18
Manager.getIdOfProduct,2019-04-26 12:17:23.18
Manager.getIdOfClient,2019-04-26 12:17:23.18
Manager.setStoreName,2019-04-26 12:27:52.309
Manager.readProductsCSV,2019-04-26 12:27:52.34
Manager.readCSV,2019-04-26 12:27:52.356
Manager.readClientCSV,2019-04-26 12:27:52.356
Manager.readCSV,2019-04-26 12:27:52.356
Manager.printProducts,2019-04-26 12:27:52.356
Product.getName,2019-04-26 12:27:52.356
Product.getPrice,2019-04-26 12:27:52.356
Product.getName,2019-04-26 12:27:52.371
Product.getPrice,2019-04-26 12:27:52.371
Product.getName,2019-04-26 12:27:52.371
Product.getPrice,2019-04-26 12:27:52.371
Product.getName,2019-04-26 12:27:52.371
Product.getPrice,2019-04-26 12:27:52.371
Product.getName,2019-04-26 12:27:52.371
Product.getPrice,2019-04-26 12:27:52.371
Product.getName,2019-04-26 12:27:52.371
Product.getPrice,2019-04-26 12:27:52.371
Product.getName,2019-04-26 12:27:52.371
Product.getPrice,2019-04-26 12:27:52.371
Product.getName,2019-04-26 12:27:52.371
Product.getPrice,2019-04-26 12:27:52.371
Manager.printClients,2019-04-26 12:27:52.371
Manager.getProductById,2019-04-26 12:27:52.371
Manager.printInvoices,2019-04-26 12:27:52.418
Manager.addProduct,2019-04-26 12:27:52.418
Manager.printProductsCSV,2019-04-26 12:27:52.418
Manager.printClientCSV,2019-04-26 12:27:52.449
Manager.printInvoicesCSV,2019-04-26 12:27:52.465
Manager.setStoreName,2019-04-26 12:28:03.972
Manager.readProductsCSV,2019-04-26 12:28:04.003
Manager.readCSV,2019-04-26 12:28:04.003
Manager.readClientCSV,2019-04-26 12:28:04.003
Manager.readCSV,2019-04-26 12:28:04.003
Manager.printProducts,2019-04-26 12:28:04.003
Product.getName,2019-04-26 12:28:04.003
Product.getPrice,2019-04-26 12:28:04.003
Product.getName,2019-04-26 12:28:04.003
Product.getPrice,2019-04-26 12:28:04.003
Product.getName,2019-04-26 12:28:04.003
Product.getPrice,2019-04-26 12:28:04.003
Product.getName,2019-04-26 12:28:04.003
Product.getPrice,2019-04-26 12:28:04.003
Product.getName,2019-04-26 12:28:04.003
Product.getPrice,2019-04-26 12:28:04.003
Product.getName,2019-04-26 12:28:04.003
Product.getPrice,2019-04-26 12:28:04.019
Product.getName,2019-04-26 12:28:04.019
Product.getPrice,2019-04-26 12:28:04.019
Product.getName,2019-04-26 12:28:04.019
Product.getPrice,2019-04-26 12:28:04.019
Manager.printClients,2019-04-26 12:28:04.019
Manager.getProductById,2019-04-26 12:28:04.019
Manager.printInvoices,2019-04-26 12:28:04.034
Manager.addProduct,2019-04-26 12:28:04.034
Manager.printProductsCSV,2019-04-26 12:28:04.034
Manager.printClientCSV,2019-04-26 12:28:04.05
Manager.printInvoicesCSV,2019-04-26 12:28:04.065
Manager.readInvoiceCSV,2019-04-26 12:28:24.192
Manager.readCSV,2019-04-26 12:28:24.192
Manager.getClientById,2019-04-26 12:28:24.192
Manager.getProductById,2019-04-26 12:28:24.192
Manager.getProductById,2019-04-26 12:28:24.192
Manager.getProductById,2019-04-26 12:28:24.192
Manager.getProductById,2019-04-26 12:28:24.192
Manager.getClientById,2019-04-26 12:28:24.192
Manager.getProductById,2019-04-26 12:28:24.192
Manager.getClientById,2019-04-26 12:28:24.192
Manager.getProductById,2019-04-26 12:28:24.192
Manager.readClientCSV,2019-04-26 12:28:24.192
Manager.readCSV,2019-04-26 12:28:24.192
Manager.readProductsCSV,2019-04-26 12:28:24.192
Manager.readCSV,2019-04-26 12:28:24.192
Manager.setStoreName,2019-04-26 12:29:38.038
Manager.readProductsCSV,2019-04-26 12:29:38.085
Manager.readCSV,2019-04-26 12:29:38.085
Manager.readClientCSV,2019-04-26 12:29:38.085
Manager.readCSV,2019-04-26 12:29:38.085
Manager.printProducts,2019-04-26 12:29:38.085
Product.getName,2019-04-26 12:29:38.085
Product.getPrice,2019-04-26 12:29:38.085
Product.getName,2019-04-26 12:29:38.1
Product.getPrice,2019-04-26 12:29:38.1
Product.getName,2019-04-26 12:29:38.1
Product.getPrice,2019-04-26 12:29:38.1
Product.getName,2019-04-26 12:29:38.1
Product.getPrice,2019-04-26 12:29:38.116
Product.getName,2019-04-26 12:29:38.116
Product.getPrice,2019-04-26 12:29:38.116
Product.getName,2019-04-26 12:29:38.116
Product.getPrice,2019-04-26 12:29:38.116
Product.getName,2019-04-26 12:29:38.116
Product.getPrice,2019-04-26 12:29:38.116
Product.getName,2019-04-26 12:29:38.116
Product.getPrice,2019-04-26 12:29:38.116
Manager.printClients,2019-04-26 12:29:38.116
Manager.getProductById,2019-04-26 12:29:38.116
Manager.printInvoices,2019-04-26 12:29:38.163
Manager.addProduct,2019-04-26 12:29:38.163
Manager.readInvoiceCSV,2019-04-26 12:29:59.254
Manager.readCSV,2019-04-26 12:29:59.254
Manager.getClientById,2019-04-26 12:29:59.254
Manager.getProductById,2019-04-26 12:29:59.254
Manager.getProductById,2019-04-26 12:29:59.254
Manager.getProductById,2019-04-26 12:29:59.254
Manager.getProductById,2019-04-26 12:29:59.254
Manager.getClientById,2019-04-26 12:29:59.254
Manager.getProductById,2019-04-26 12:29:59.254
Manager.getClientById,2019-04-26 12:29:59.254
Manager.getProductById,2019-04-26 12:29:59.254
Manager.readClientCSV,2019-04-26 12:29:59.254
Manager.readCSV,2019-04-26 12:29:59.254
Manager.readProductsCSV,2019-04-26 12:29:59.254
Manager.readCSV,2019-04-26 12:29:59.254
Manager.printProductsCSV,2019-04-26 12:30:00.597
Manager.printClientCSV,2019-04-26 12:30:00.613
Manager.printInvoicesCSV,2019-04-26 12:30:00.738
Manager.getIdOfProduct,2019-04-26 12:30:00.738
Manager.getIdOfProduct,2019-04-26 12:30:00.738
Manager.getIdOfProduct,2019-04-26 12:30:00.738
Manager.getIdOfProduct,2019-04-26 12:30:00.738
Manager.getIdOfClient,2019-04-26 12:30:00.738
Manager.getIdOfProduct,2019-04-26 12:30:00.738
Manager.getIdOfClient,2019-04-26 12:30:00.738
Manager.getIdOfProduct,2019-04-26 12:30:00.738
Manager.getIdOfClient,2019-04-26 12:30:00.738
Manager.setStoreName,2019-04-26 12:37:19.164
Manager.readInvoiceCSV,2019-04-26 12:37:43.715
Manager.readCSV,2019-04-26 12:37:43.715
Manager.getClientById,2019-04-26 12:37:43.715
Manager.getProductById,2019-04-26 12:37:43.715
Manager.getProductById,2019-04-26 12:37:43.715
Manager.getProductById,2019-04-26 12:37:43.715
Manager.getProductById,2019-04-26 12:37:43.715
Manager.getClientById,2019-04-26 12:37:43.715
Manager.getProductById,2019-04-26 12:37:43.715
Manager.getClientById,2019-04-26 12:37:43.715
Manager.getProductById,2019-04-26 12:37:43.715
Manager.readClientCSV,2019-04-26 12:37:43.715
Manager.readCSV,2019-04-26 12:37:43.715
Manager.readProductsCSV,2019-04-26 12:37:43.715
Manager.readCSV,2019-04-26 12:37:43.715
Manager.printClients,2019-04-26 12:37:57.944
Manager.setStoreName,2019-04-26 12:38:17.069
Manager.readInvoiceCSV,2019-04-26 12:38:27.834
Manager.readCSV,2019-04-26 12:38:27.834
Manager.getClientById,2019-04-26 12:38:27.834
Manager.getProductById,2019-04-26 12:38:27.834
Manager.getProductById,2019-04-26 12:38:27.834
Manager.getProductById,2019-04-26 12:38:27.834
Manager.getProductById,2019-04-26 12:38:27.834
Manager.getClientById,2019-04-26 12:38:27.85
Manager.getProductById,2019-04-26 12:38:27.85
Manager.getClientById,2019-04-26 12:38:27.85
Manager.getProductById,2019-04-26 12:38:27.85
Manager.readClientCSV,2019-04-26 12:38:27.85
Manager.readCSV,2019-04-26 12:38:27.85
Manager.readProductsCSV,2019-04-26 12:38:27.85
Manager.readCSV,2019-04-26 12:38:27.85
Manager.printClients,2019-04-26 12:38:35.457
Manager.printProducts,2019-04-26 12:38:44.476
Product.getName,2019-04-26 12:38:44.476
Product.getPrice,2019-04-26 12:38:44.476
Product.getName,2019-04-26 12:38:44.476
Product.getPrice,2019-04-26 12:38:44.476
Product.getName,2019-04-26 12:38:44.476
Product.getPrice,2019-04-26 12:38:44.476
Product.getName,2019-04-26 12:38:44.476
Product.getPrice,2019-04-26 12:38:44.476
Product.getName,2019-04-26 12:38:44.476
Product.getPrice,2019-04-26 12:38:44.476
Product.getName,2019-04-26 12:38:44.476
Product.getPrice,2019-04-26 12:38:44.476
Product.getName,2019-04-26 12:38:44.476
Product.getPrice,2019-04-26 12:38:44.476
Product.getName,2019-04-26 12:38:44.476
Product.getPrice,2019-04-26 12:38:44.476
Manager.setStoreName,2019-04-26 13:42:10.064
Manager.setStoreName,2019-04-29 13:16:38.432
Manager.printProducts,2019-04-29 13:16:51.122
Manager.setStoreName,2019-04-29 13:18:00.896
Manager.setStoreName,2019-04-29 13:18:47.265
Manager.addProduct,2019-04-29 13:18:56.426
Manager.setStoreName,2019-04-29 13:19:10.224
Manager.setStoreName,2019-04-29 13:19:29.979
Manager.addProduct,2019-04-29 13:19:46.513
Manager.printProducts,2019-04-29 13:19:51.45
Product.getName,2019-04-29 13:19:51.45
Product.getPrice,2019-04-29 13:19:51.45
Manager.readInvoiceCSV,2019-04-29 13:20:08.139
Manager.readCSV,2019-04-29 13:20:08.139
Manager.getClientById,2019-04-29 13:20:08.241
Manager.getProductById,2019-04-29 13:20:08.241
Manager.getProductById,2019-04-29 13:20:08.241
Manager.getProductById,2019-04-29 13:20:08.241
Manager.getProductById,2019-04-29 13:20:08.241
Manager.getClientById,2019-04-29 13:20:08.242
Manager.getProductById,2019-04-29 13:20:08.242
Manager.getClientById,2019-04-29 13:20:08.242
Manager.getProductById,2019-04-29 13:20:08.243
Manager.readClientCSV,2019-04-29 13:20:08.243
Manager.readCSV,2019-04-29 13:20:08.243
Manager.readProductsCSV,2019-04-29 13:20:08.248
Manager.readCSV,2019-04-29 13:20:08.249
Manager.printProducts,2019-04-29 13:20:12.724
Product.getName,2019-04-29 13:20:12.724
Product.getPrice,2019-04-29 13:20:12.724
Product.getName,2019-04-29 13:20:12.725
Product.getPrice,2019-04-29 13:20:12.725
Product.getName,2019-04-29 13:20:12.726
Product.getPrice,2019-04-29 13:20:12.726
Product.getName,2019-04-29 13:20:12.727
Product.getPrice,2019-04-29 13:20:12.727
Product.getName,2019-04-29 13:20:12.728
Product.getPrice,2019-04-29 13:20:12.728
Product.getName,2019-04-29 13:20:12.729
Product.getPrice,2019-04-29 13:20:12.729
Product.getName,2019-04-29 13:20:12.73
Product.getPrice,2019-04-29 13:20:12.73
Product.getName,2019-04-29 13:20:12.731
Product.getPrice,2019-04-29 13:20:12.731
Product.getName,2019-04-29 13:20:12.732
Product.getPrice,2019-04-29 13:20:12.732
Manager.setStoreName,2019-04-29 13:22:32.254
Manager.readInvoiceCSV,2019-04-29 13:22:49.658
Manager.readCSV,2019-04-29 13:22:49.658
Manager.getClientById,2019-04-29 13:22:49.659
Manager.getProductById,2019-04-29 13:22:49.659
Manager.getProductById,2019-04-29 13:22:49.66
Manager.getProductById,2019-04-29 13:22:49.66
Manager.getProductById,2019-04-29 13:22:49.66
Manager.getClientById,2019-04-29 13:22:49.661
Manager.getProductById,2019-04-29 13:22:49.661
Manager.getClientById,2019-04-29 13:22:49.661
Manager.getProductById,2019-04-29 13:22:49.661
Manager.readClientCSV,2019-04-29 13:22:49.661
Manager.readCSV,2019-04-29 13:22:49.662
Manager.readProductsCSV,2019-04-29 13:22:49.662
Manager.readCSV,2019-04-29 13:22:49.663
Manager.printClients,2019-04-29 13:22:53.169
Manager.addClient,2019-04-29 13:23:05.514
Manager.getClientById,2019-04-29 13:23:12.091
Manager.setStoreName,2019-04-29 13:23:31.081
Manager.setStoreName,2019-04-29 15:43:20.366
Manager.getStoreName,2019-04-29 15:43:20.568
Manager.setStoreName,2019-05-28 20:38:35.449
Manager.setStoreName,2019-05-28 20:39:10.649
Manager.setStoreName,2019-05-28 20:41:49.72
Manager.setStoreName,2019-05-28 20:42:13.56
Manager.setStoreName,2019-05-28 20:42:26.45
Manager.setStoreName,2019-05-28 20:44:30.65
Manager.setStoreName,2019-05-28 20:45:01.929
Manager.setStoreName,2019-05-28 21:02:11.21
Manager.setStoreName,2019-05-28 21:02:42.989
Manager.setStoreName,2019-05-28 21:07:04.087
Manager.setStoreName,2019-05-28 21:07:47.366
Manager.setStoreName,2019-05-28 21:08:58.598
Manager.setStoreName,2019-05-28 21:09:27.785
Manager.setStoreName,2019-05-28 21:10:43.9
Manager.setStoreName,2019-05-28 21:13:44.763
Manager.setStoreName,2019-05-28 21:14:30.43
Manager.setStoreName,2019-05-28 21:14:53.702
Manager.setStoreName,2019-05-28 21:18:25.056
Manager.setStoreName,2019-05-28 21:21:50.625
Manager.setStoreName,2019-05-28 21:23:25.612
Manager.setStoreName,2019-05-28 21:23:46.358
Manager.setStoreName,2019-05-28 21:25:16.579
Manager.setStoreName,2019-05-28 21:25:39.945
Manager.setStoreName,2019-05-28 21:25:51.176
Manager.setStoreName,2019-05-28 21:27:51.865
Manager.setStoreName,2019-05-28 21:28:30.438
Manager.setStoreName,2019-05-28 21:29:41.724
Manager.setStoreName,2019-05-28 21:30:38.719
Manager.setStoreName,2019-05-28 21:31:30.862
Manager.setStoreName,2019-05-28 21:32:33.868
Manager.setStoreName,2019-05-28 21:33:41.366
Manager.setStoreName,2019-05-28 21:33:56.562
Manager.setStoreName,2019-05-28 21:35:39.378
Manager.setStoreName,2019-05-28 21:35:52.842
Manager.setStoreName,2019-05-28 21:36:17.872
Manager.setStoreName,2019-05-28 21:36:37.122
Manager.setStoreName,2019-05-28 21:39:21.195
Manager.setStoreName,2019-05-28 21:39:50.835
Manager.setStoreName,2019-05-28 21:40:06.072
Manager.setStoreName,2019-05-28 21:41:39.236
Manager.setStoreName,2019-05-28 21:43:02.271
Manager.setStoreName,2019-05-28 21:43:13.029
Manager.setStoreName,2019-05-28 21:43:24.097
Manager.setStoreName,2019-05-28 21:43:35.26
Manager.setStoreName,2019-05-28 21:46:31.332
Manager.setStoreName,2019-05-28 21:53:38.966
Manager.setStoreName,2019-05-28 21:55:09.465
Manager.setStoreName,2019-05-28 21:56:22.388
Manager.setStoreName,2019-05-28 21:57:10.591
Manager.setStoreName,2019-05-28 22:04:13.139
Manager.setStoreName,2019-05-28 22:09:12.127
Manager.setStoreName,2019-05-28 22:09:32.499
Manager.setStoreName,2019-05-28 22:27:37.087
Manager.setStoreName,2019-05-28 22:29:46.193
Manager.setStoreName,2019-05-28 22:31:09.457
Manager.setStoreName,2019-05-28 22:31:30.228
Manager.setStoreName,2019-05-28 22:31:57.021
Manager.setStoreName,2019-05-28 22:32:20.255
Manager.setStoreName,2019-05-28 22:32:29.091
Manager.setStoreName,2019-05-28 22:34:39.748
Manager.setStoreName,2019-05-28 22:34:50.477
Manager.setStoreName,2019-05-28 22:35:02.005
Manager.setStoreName,2019-05-28 22:35:36.092
Manager.setStoreName,2019-05-28 22:35:36.672
Manager.setStoreName,2019-05-28 22:35:55.09
Manager.setStoreName,2019-05-28 22:36:25.403
Manager.setStoreName,2019-05-28 22:38:19.301
Manager.setStoreName,2019-05-28 22:39:28.368
Manager.setStoreName,2019-05-28 22:42:26.437
Manager.setStoreName,2019-05-28 22:49:32.96
Manager.setStoreName,2019-05-28 22:49:53.022
Manager.setStoreName,2019-05-28 22:49:57.65
Manager.setStoreName,2019-05-28 22:50:14.232
Manager.setStoreName,2019-05-28 22:50:30.083
Manager.setStoreName,2019-05-28 22:50:51.29
Manager.setStoreName,2019-05-28 22:51:07.594
Manager.setStoreName,2019-05-28 22:52:02.012
Manager.setStoreName,2019-05-28 22:52:21.335
Manager.setStoreName,2019-05-28 22:52:42.384
Manager.setStoreName,2019-05-28 22:52:50.599
Manager.setStoreName,2019-05-28 22:53:00.991
Manager.setStoreName,2019-05-28 22:53:13.782
Manager.setStoreName,2019-05-28 22:56:58.829
Manager.setStoreName,2019-05-28 22:58:59.095
Manager.setStoreName,2019-05-29 06:49:27.512
Manager.setStoreName,2019-05-29 06:49:43.989
Manager.setStoreName,2019-05-29 06:50:01.027
Manager.setStoreName,2019-05-29 06:52:14.343
Manager.setStoreName,2019-05-29 06:52:30.266
Manager.setStoreName,2019-05-29 06:53:20.909
Manager.setStoreName,2019-05-29 06:53:30.466
Manager.setStoreName,2019-05-29 07:03:29.021
Manager.setStoreName,2019-05-29 07:09:30.61
Manager.setStoreName,2019-05-29 07:09:57.047
Manager.setStoreName,2019-05-29 07:14:02.624
Manager.setStoreName,2019-05-29 07:14:23.765
Manager.setStoreName,2019-05-29 07:14:56.172
Manager.getClientById,2019-05-29 07:14:58.275
Manager.getClientById,2019-05-29 07:15:07.281
Manager.getClientById,2019-05-29 07:15:09.131
Manager.setStoreName,2019-05-29 07:16:44.773
Manager.getClientById,2019-05-29 07:16:47.588
Manager.getClientById,2019-05-29 07:16:56.547
Manager.setStoreName,2019-05-29 07:17:38.604
Manager.getClientById,2019-05-29 07:17:41.809
Manager.getClientById,2019-05-29 07:17:46.563
Manager.getClientById,2019-05-29 07:17:54.858
Manager.setStoreName,2019-05-29 07:18:05.215
Manager.getClientById,2019-05-29 07:18:10.252
Manager.getClientById,2019-05-29 07:18:16.382
Manager.getClientById,2019-05-29 07:18:25.053
Manager.setStoreName,2019-05-29 07:18:41.543
Manager.setStoreName,2019-05-29 07:19:10.956
Manager.getClientById,2019-05-29 07:19:13.939
Manager.setStoreName,2019-05-29 07:19:22.102
Manager.getClientById,2019-05-29 07:19:30.611
Manager.setStoreName,2019-05-29 07:19:56.028
Manager.getClientById,2019-05-29 07:20:01.385
Manager.getClientById,2019-05-29 07:20:07.428
Manager.setStoreName,2019-05-29 07:20:37.965
Manager.getClientById,2019-05-29 07:20:41.979
Manager.setStoreName,2019-05-29 07:24:50.468
Manager.getClientById,2019-05-29 07:24:55.011
Manager.setStoreName,2019-05-29 07:25:52.38
Manager.getClientById,2019-05-29 07:25:56.571
Manager.setStoreName,2019-05-29 07:26:15.307
Manager.setStoreName,2019-05-29 07:28:22.524
Manager.getClientById,2019-05-29 07:28:26.572
Manager.getClientById,2019-05-29 07:28:31.198
Manager.setStoreName,2019-05-29 07:30:04.757
Manager.getClientById,2019-05-29 07:30:08.932
Manager.setStoreName,2019-05-29 07:31:42.984
Manager.getClientById,2019-05-29 07:31:49.465
Manager.setStoreName,2019-05-29 07:32:16.652
Manager.getClientById,2019-05-29 07:32:20.107
Manager.getClientById,2019-05-29 07:32:20.157
Manager.setStoreName,2019-05-29 07:33:37.609
Manager.getClientById,2019-05-29 07:33:40.671
Manager.setStoreName,2019-05-29 07:34:27.485
Manager.getClientById,2019-05-29 07:34:32.756
Manager.setStoreName,2019-05-29 07:49:14.869
Manager.getClientById,2019-05-29 07:49:19.293
Manager.setStoreName,2019-05-29 07:49:54.726
Manager.getClientById,2019-05-29 07:49:59.071
Manager.setStoreName,2019-05-29 07:50:59.482
Manager.getClientById,2019-05-29 07:51:01.718
Manager.getClientById,2019-05-29 07:51:05.857
Manager.setStoreName,2019-05-29 07:51:25.146
Manager.getClientById,2019-05-29 07:51:27.932
Manager.setStoreName,2019-05-29 07:51:54.618
Manager.getClientById,2019-05-29 07:52:01.003
Manager.setStoreName,2019-05-29 08:12:20.11
Manager.setStoreName,2019-05-29 08:17:34.445
Manager.setStoreName,2019-05-29 08:26:19.592
Manager.setStoreName,2019-05-29 08:27:52.605
Manager.setStoreName,2019-05-29 08:28:30.033
Manager.setStoreName,2019-05-29 08:33:41.851
Manager.setStoreName,2019-05-29 08:34:17.04
Manager.setStoreName,2019-05-29 08:34:18.341
Manager.setStoreName,2019-05-29 19:20:13.068
Manager.setStoreName,2019-05-29 19:21:09.871
Manager.setStoreName,2019-05-29 19:21:47.622
Manager.setStoreName,2019-05-29 19:22:51.645
Product.getName,2019-05-29 19:22:53.861
Product.getPrice,2019-05-29 19:22:53.861
Manager.setStoreName,2019-05-29 19:23:41.093
Product.getName,2019-05-29 19:23:42.193
Product.getPrice,2019-05-29 19:23:42.193
Manager.setStoreName,2019-05-29 19:24:23.536
Product.getName,2019-05-29 19:24:24.676
Product.getPrice,2019-05-29 19:24:24.678
Manager.setStoreName,2019-05-29 19:24:38.977
Product.getName,2019-05-29 19:24:40.1
Product.getPrice,2019-05-29 19:24:40.1
Manager.setStoreName,2019-05-29 19:25:11.067
Product.getName,2019-05-29 19:25:12.175
Product.getPrice,2019-05-29 19:25:12.175
Manager.setStoreName,2019-05-29 19:27:49.388
Product.getName,2019-05-29 19:27:50.531
Product.getPrice,2019-05-29 19:27:50.531
Manager.setStoreName,2019-05-29 19:27:50.795
Product.getName,2019-05-29 19:27:52.134
Product.getPrice,2019-05-29 19:27:52.134
Manager.getClientById,2019-05-29 19:28:16.237
Manager.setStoreName,2019-05-29 19:38:50.699,Thread[main,5,main]
Product.getName,2019-05-29 19:38:51.952,Thread[main,5,main]
Product.getPrice,2019-05-29 19:38:51.952,Thread[main,5,main]
Manager.setStoreName,2019-05-29 19:39:44.244,Thread[main,5,main]
update product,2019-05-29 19:39:45.473,Thread[main,5,main]
Product.getName,2019-05-29 19:39:45.478,Thread[main,5,main]
Product.getPrice,2019-05-29 19:39:45.478,Thread[main,5,main]
Manager.setStoreName,2019-05-29 19:40:24.374,Thread[main,5,main]
Product.getName,2019-05-29 19:40:25.493,Thread[main,5,main]
Product.getPrice,2019-05-29 19:40:25.493,Thread[main,5,main]
new client,2019-05-29 19:40:30.669,Thread[AWT-EventQueue-0,6,main]
Manager.getClientById,2019-05-29 19:46:30.503,Thread[AWT-EventQueue-0,6,main]
Manager.getClientById,2019-05-29 19:46:32.217,Thread[AWT-EventQueue-0,6,main]
Manager.setStoreName,2019-05-29 22:23:52.621,Thread[main,5,main]
Product.getName,2019-05-29 22:23:55.78,Thread[main,5,main]
Product.getPrice,2019-05-29 22:23:55.78,Thread[main,5,main]
Manager.setStoreName,2019-05-29 22:25:29.747,Thread[main,5,main]
Product.getName,2019-05-29 22:25:30.938,Thread[main,5,main]
Product.getPrice,2019-05-29 22:25:30.939,Thread[main,5,main]
Manager.setStoreName,2019-05-29 22:29:40.956,Thread[main,5,main]
Product.getName,2019-05-29 22:29:42.205,Thread[main,5,main]
Product.getPrice,2019-05-29 22:29:42.206,Thread[main,5,main]
Product.getName,2019-05-29 22:29:56.788,Thread[AWT-EventQueue-0,6,main]
Product.getPrice,2019-05-29 22:29:56.788,Thread[AWT-EventQueue-0,6,main]
Manager.setStoreName,2019-05-29 22:30:04.723,Thread[main,5,main]
Product.getName,2019-05-29 22:30:05.847,Thread[main,5,main]
Product.getPrice,2019-05-29 22:30:05.847,Thread[main,5,main]
Manager.setStoreName,2019-05-29 22:31:15.091,Thread[main,5,main]
Product.getName,2019-05-29 22:31:16.29,Thread[main,5,main]
Product.getPrice,2019-05-29 22:31:16.29,Thread[main,5,main]
new client,2019-05-29 22:31:18.407,Thread[AWT-EventQueue-0,6,main]
Product.getName,2019-05-29 22:31:31.759,Thread[AWT-EventQueue-0,6,main]
Product.getPrice,2019-05-29 22:31:31.76,Thread[AWT-EventQueue-0,6,main]
Product.getName,2019-05-29 22:31:47.057,Thread[AWT-EventQueue-0,6,main]
Product.getPrice,2019-05-29 22:31:47.057,Thread[AWT-EventQueue-0,6,main]
Product.getName,2019-05-29 22:31:47.058,Thread[AWT-EventQueue-0,6,main]
Product.getPrice,2019-05-29 22:31:47.058,Thread[AWT-EventQueue-0,6,main]
Product.getName,2019-05-29 22:31:57.173,Thread[AWT-EventQueue-0,6,main]
Product.getPrice,2019-05-29 22:31:57.173,Thread[AWT-EventQueue-0,6,main]
Product.getName,2019-05-29 22:31:57.173,Thread[AWT-EventQueue-0,6,main]
Product.getPrice,2019-05-29 22:31:57.173,Thread[AWT-EventQueue-0,6,main]
Manager.setStoreName,2019-05-29 22:33:24.75,Thread[main,5,main]
Product.getName,2019-05-29 22:33:25.982,Thread[main,5,main]
Product.getPrice,2019-05-29 22:33:25.982,Thread[main,5,main]
Product.getName,2019-05-29 22:33:25.983,Thread[main,5,main]
Product.getPrice,2019-05-29 22:33:25.983,Thread[main,5,main]
Product.getName,2019-05-29 22:33:34.549,Thread[AWT-EventQueue-0,6,main]
Product.getPrice,2019-05-29 22:33:34.549,Thread[AWT-EventQueue-0,6,main]
Product.getName,2019-05-29 22:33:34.549,Thread[AWT-EventQueue-0,6,main]
Product.getPrice,2019-05-29 22:33:34.549,Thread[AWT-EventQueue-0,6,main]
Manager.setStoreName,2019-05-29 22:34:25.378,Thread[main,5,main]
Product.getName,2019-05-29 22:34:26.616,Thread[main,5,main]
Product.getPrice,2019-05-29 22:34:26.616,Thread[main,5,main]
Product.getName,2019-05-29 22:34:26.616,Thread[main,5,main]
Product.getPrice,2019-05-29 22:34:26.617,Thread[main,5,main]
Product.getName,2019-05-29 22:34:35.797,Thread[AWT-EventQueue-0,6,main]
Product.getPrice,2019-05-29 22:34:35.797,Thread[AWT-EventQueue-0,6,main]
Product.getName,2019-05-29 22:34:35.797,Thread[AWT-EventQueue-0,6,main]
Product.getPrice,2019-05-29 22:34:35.797,Thread[AWT-EventQueue-0,6,main]
Manager.setStoreName,2019-05-29 22:35:57.983,Thread[main,5,main]
Product.getName,2019-05-29 22:35:59.179,Thread[main,5,main]
Product.getPrice,2019-05-29 22:35:59.18,Thread[main,5,main]
Product.getName,2019-05-29 22:35:59.18,Thread[main,5,main]
Product.getPrice,2019-05-29 22:35:59.181,Thread[main,5,main]
Product.getName,2019-05-29 22:36:08.996,Thread[AWT-EventQueue-0,6,main]
Product.getPrice,2019-05-29 22:36:08.996,Thread[AWT-EventQueue-0,6,main]
Product.getName,2019-05-29 22:36:08.996,Thread[AWT-EventQueue-0,6,main]
Product.getPrice,2019-05-29 22:36:08.996,Thread[AWT-EventQueue-0,6,main]
Manager.setStoreName,2019-05-29 22:38:45.701,Thread[main,5,main]
Product.getName,2019-05-29 22:38:46.815,Thread[main,5,main]
Product.getPrice,2019-05-29 22:38:46.815,Thread[main,5,main]
Product.getName,2019-05-29 22:38:46.815,Thread[main,5,main]
Product.getPrice,2019-05-29 22:38:46.815,Thread[main,5,main]
Product.getName,2019-05-29 22:38:53.381,Thread[AWT-EventQueue-0,6,main]
Product.getPrice,2019-05-29 22:38:53.381,Thread[AWT-EventQueue-0,6,main]
Product.getName,2019-05-29 22:38:53.382,Thread[AWT-EventQueue-0,6,main]
Product.getPrice,2019-05-29 22:38:53.382,Thread[AWT-EventQueue-0,6,main]
Product.getName,2019-05-29 22:38:53.382,Thread[AWT-EventQueue-0,6,main]
Product.getPrice,2019-05-29 22:38:53.382,Thread[AWT-EventQueue-0,6,main]
Manager.setStoreName,2019-05-29 22:40:54.815,Thread[main,5,main]
Product.getName,2019-05-29 22:40:56.045,Thread[main,5,main]
Product.getPrice,2019-05-29 22:40:56.045,Thread[main,5,main]
Product.getName,2019-05-29 22:40:56.045,Thread[main,5,main]
Product.getPrice,2019-05-29 22:40:56.045,Thread[main,5,main]
Product.getName,2019-05-29 22:40:56.045,Thread[main,5,main]
Product.getPrice,2019-05-29 22:40:56.045,Thread[main,5,main]
Manager.getClientById,2019-05-29 22:41:05.284,Thread[AWT-EventQueue-0,6,main]
Manager.setStoreName,2019-05-29 22:48:33.367,Thread[main,5,main]
Product.getName,2019-05-29 22:48:34.528,Thread[main,5,main]
Product.getPrice,2019-05-29 22:48:34.528,Thread[main,5,main]
Product.getName,2019-05-29 22:48:34.528,Thread[main,5,main]
Product.getPrice,2019-05-29 22:48:34.528,Thread[main,5,main]
Product.getName,2019-05-29 22:48:34.528,Thread[main,5,main]
Product.getPrice,2019-05-29 22:48:34.528,Thread[main,5,main]
Manager.getProductById,2019-05-29 22:48:38.536,Thread[AWT-EventQueue-0,6,main]
Manager.setStoreName,2019-05-29 22:50:37.986,Thread[main,5,main]
Product.getName,2019-05-29 22:50:39.204,Thread[main,5,main]
Product.getPrice,2019-05-29 22:50:39.204,Thread[main,5,main]
Product.getName,2019-05-29 22:50:39.204,Thread[main,5,main]
Product.getPrice,2019-05-29 22:50:39.204,Thread[main,5,main]
Product.getName,2019-05-29 22:50:39.204,Thread[main,5,main]
Product.getPrice,2019-05-29 22:50:39.204,Thread[main,5,main]
Manager.getClientById,2019-05-29 22:50:40.177,Thread[AWT-EventQueue-0,6,main]
new client,2019-05-29 22:50:42.547,Thread[AWT-EventQueue-0,6,main]
Manager.getClientById,2019-05-29 22:50:46.749,Thread[AWT-EventQueue-0,6,main]
Manager.getProductById,2019-05-29 22:50:50.136,Thread[AWT-EventQueue-0,6,main]
Manager.getClientById,2019-05-29 22:50:54.716,Thread[AWT-EventQueue-0,6,main]
Manager.getProductById,2019-05-29 22:51:00.671,Thread[AWT-EventQueue-0,6,main]
Manager.setStoreName,2019-05-29 22:51:47.172,Thread[main,5,main]
Product.getName,2019-05-29 22:51:48.348,Thread[main,5,main]
Product.getPrice,2019-05-29 22:51:48.348,Thread[main,5,main]
Product.getName,2019-05-29 22:51:48.348,Thread[main,5,main]
Product.getPrice,2019-05-29 22:51:48.348,Thread[main,5,main]
Product.getName,2019-05-29 22:51:48.349,Thread[main,5,main]
Product.getPrice,2019-05-29 22:51:48.349,Thread[main,5,main]
Manager.getProductById,2019-05-29 22:51:51.265,Thread[AWT-EventQueue-0,6,main]
Product.getName,2019-05-29 22:51:51.265,Thread[AWT-EventQueue-0,6,main]
Product.getPrice,2019-05-29 22:51:51.265,Thread[AWT-EventQueue-0,6,main]
Manager.setStoreName,2019-05-29 22:53:21.389,Thread[main,5,main]
Product.getName,2019-05-29 22:53:22.654,Thread[main,5,main]
Product.getPrice,2019-05-29 22:53:22.655,Thread[main,5,main]
Product.getName,2019-05-29 22:53:22.655,Thread[main,5,main]
Product.getPrice,2019-05-29 22:53:22.655,Thread[main,5,main]
Product.getName,2019-05-29 22:53:22.656,Thread[main,5,main]
Product.getPrice,2019-05-29 22:53:22.656,Thread[main,5,main]
Manager.getProductById,2019-05-29 22:53:40.946,Thread[AWT-EventQueue-0,6,main]
Product.getName,2019-05-29 22:53:40.948,Thread[AWT-EventQueue-0,6,main]
Product.getPrice,2019-05-29 22:53:40.952,Thread[AWT-EventQueue-0,6,main]
Manager.getProductById,2019-05-29 22:54:06.317,Thread[AWT-EventQueue-0,6,main]
Product.getName,2019-05-29 22:54:06.317,Thread[AWT-EventQueue-0,6,main]
Product.getPrice,2019-05-29 22:54:06.318,Thread[AWT-EventQueue-0,6,main]
Manager.setStoreName,2019-05-29 22:54:49.546,Thread[main,5,main]
Product.getName,2019-05-29 22:54:51.019,Thread[main,5,main]
Product.getPrice,2019-05-29 22:54:51.02,Thread[main,5,main]
Product.getName,2019-05-29 22:54:51.02,Thread[main,5,main]
Product.getPrice,2019-05-29 22:54:51.02,Thread[main,5,main]
Product.getName,2019-05-29 22:54:51.021,Thread[main,5,main]
Product.getPrice,2019-05-29 22:54:51.021,Thread[main,5,main]
Manager.getProductById,2019-05-29 22:54:54.023,Thread[AWT-EventQueue-0,6,main]
Product.getName,2019-05-29 22:54:54.025,Thread[AWT-EventQueue-0,6,main]
Product.getPrice,2019-05-29 22:54:54.029,Thread[AWT-EventQueue-0,6,main]
Manager.setStoreName,2019-05-29 22:55:10.218,Thread[main,5,main]
Product.getName,2019-05-29 22:55:11.697,Thread[main,5,main]
Product.getPrice,2019-05-29 22:55:11.698,Thread[main,5,main]
Product.getName,2019-05-29 22:55:11.698,Thread[main,5,main]
Product.getPrice,2019-05-29 22:55:11.698,Thread[main,5,main]
Product.getName,2019-05-29 22:55:11.698,Thread[main,5,main]
Product.getPrice,2019-05-29 22:55:11.699,Thread[main,5,main]
Manager.getProductById,2019-05-29 22:55:13.845,Thread[AWT-EventQueue-0,6,main]
Product.getName,2019-05-29 22:55:13.847,Thread[AWT-EventQueue-0,6,main]
Product.getPrice,2019-05-29 22:55:13.853,Thread[AWT-EventQueue-0,6,main]
Manager.setStoreName,2019-05-29 22:55:33.707,Thread[main,5,main]
Product.getName,2019-05-29 22:55:35.008,Thread[main,5,main]
Product.getPrice,2019-05-29 22:55:35.009,Thread[main,5,main]
Product.getName,2019-05-29 22:55:35.009,Thread[main,5,main]
Product.getPrice,2019-05-29 22:55:35.009,Thread[main,5,main]
Product.getName,2019-05-29 22:55:35.01,Thread[main,5,main]
Product.getPrice,2019-05-29 22:55:35.01,Thread[main,5,main]
Manager.getProductById,2019-05-29 22:55:37.953,Thread[AWT-EventQueue-0,6,main]
Product.getName,2019-05-29 22:55:37.956,Thread[AWT-EventQueue-0,6,main]
Product.getPrice,2019-05-29 22:55:37.96,Thread[AWT-EventQueue-0,6,main]
Manager.getProductById,2019-05-29 22:55:46.747,Thread[AWT-EventQueue-0,6,main]
Product.getName,2019-05-29 22:55:46.748,Thread[AWT-EventQueue-0,6,main]
Product.getPrice,2019-05-29 22:55:46.749,Thread[AWT-EventQueue-0,6,main]
Manager.setStoreName,2019-05-29 22:55:54.905,Thread[main,5,main]
Product.getName,2019-05-29 22:55:56.153,Thread[main,5,main]
Product.getPrice,2019-05-29 22:55:56.153,Thread[main,5,main]
Product.getName,2019-05-29 22:55:56.154,Thread[main,5,main]
Product.getPrice,2019-05-29 22:55:56.154,Thread[main,5,main]
Product.getName,2019-05-29 22:55:56.154,Thread[main,5,main]
Product.getPrice,2019-05-29 22:55:56.154,Thread[main,5,main]
Manager.setStoreName,2019-05-29 22:56:29.821,Thread[main,5,main]
Product.getName,2019-05-29 22:56:31.096,Thread[main,5,main]
Product.getPrice,2019-05-29 22:56:31.097,Thread[main,5,main]
Product.getName,2019-05-29 22:56:31.097,Thread[main,5,main]
Product.getPrice,2019-05-29 22:56:31.097,Thread[main,5,main]
Product.getName,2019-05-29 22:56:31.097,Thread[main,5,main]
Product.getPrice,2019-05-29 22:56:31.098,Thread[main,5,main]
Manager.getProductById,2019-05-29 22:56:37.938,Thread[AWT-EventQueue-0,6,main]
Product.getName,2019-05-29 22:56:37.939,Thread[AWT-EventQueue-0,6,main]
Product.getPrice,2019-05-29 22:56:37.942,Thread[AWT-EventQueue-0,6,main]
Product.getName,2019-05-29 22:56:40.908,Thread[AWT-EventQueue-0,6,main]
Product.getPrice,2019-05-29 22:56:40.908,Thread[AWT-EventQueue-0,6,main]
Product.getName,2019-05-29 22:56:40.908,Thread[AWT-EventQueue-0,6,main]
Product.getPrice,2019-05-29 22:56:40.909,Thread[AWT-EventQueue-0,6,main]
Product.getName,2019-05-29 22:56:40.909,Thread[AWT-EventQueue-0,6,main]
Product.getPrice,2019-05-29 22:56:40.909,Thread[AWT-EventQueue-0,6,main]
Manager.setStoreName,2019-05-29 23:03:49.385,Thread[main,5,main]
Product.getName,2019-05-29 23:03:50.664,Thread[main,5,main]
Product.getPrice,2019-05-29 23:03:50.664,Thread[main,5,main]
Product.getName,2019-05-29 23:03:50.665,Thread[main,5,main]
Product.getPrice,2019-05-29 23:03:50.665,Thread[main,5,main]
Product.getName,2019-05-29 23:03:50.665,Thread[main,5,main]
Product.getPrice,2019-05-29 23:03:50.666,Thread[main,5,main]
Manager.getProductById,2019-05-29 23:03:53.323,Thread[AWT-EventQueue-0,6,main]
Manager.setStoreName,2019-05-29 23:04:29.745,Thread[main,5,main]
Product.getName,2019-05-29 23:04:31.007,Thread[main,5,main]
Product.getPrice,2019-05-29 23:04:31.007,Thread[main,5,main]
Product.getName,2019-05-29 23:04:31.008,Thread[main,5,main]
Product.getPrice,2019-05-29 23:04:31.008,Thread[main,5,main]
Product.getName,2019-05-29 23:04:31.008,Thread[main,5,main]
Product.getPrice,2019-05-29 23:04:31.008,Thread[main,5,main]
Manager.getProductById,2019-05-29 23:04:33.815,Thread[AWT-EventQueue-0,6,main]
Product.getName,2019-05-29 23:04:33.816,Thread[AWT-EventQueue-0,6,main]
Product.getName,2019-05-29 23:04:35.921,Thread[AWT-EventQueue-0,6,main]
Product.getPrice,2019-05-29 23:04:35.922,Thread[AWT-EventQueue-0,6,main]
Product.getName,2019-05-29 23:04:35.922,Thread[AWT-EventQueue-0,6,main]
Product.getPrice,2019-05-29 23:04:35.922,Thread[AWT-EventQueue-0,6,main]
Manager.setStoreName,2019-05-30 08:06:53.492,Thread[main,5,main]
Product.getName,2019-05-30 08:06:58.039,Thread[main,5,main]
Product.getPrice,2019-05-30 08:06:58.039,Thread[main,5,main]
Product.getName,2019-05-30 08:06:58.039,Thread[main,5,main]
Product.getPrice,2019-05-30 08:06:58.039,Thread[main,5,main]
Manager.getClientById,2019-05-30 08:06:59.655,Thread[AWT-EventQueue-0,6,main]
Manager.setStoreName,2019-05-30 08:08:45.576,Thread[main,5,main]
Product.getName,2019-05-30 08:08:46.833,Thread[main,5,main]
Product.getPrice,2019-05-30 08:08:46.833,Thread[main,5,main]
Product.getName,2019-05-30 08:08:46.833,Thread[main,5,main]
Product.getPrice,2019-05-30 08:08:46.833,Thread[main,5,main]
Manager.getProductById,2019-05-30 08:08:57.285,Thread[AWT-EventQueue-0,6,main]
Manager.getProductById,2019-05-30 08:08:57.793,Thread[AWT-EventQueue-0,6,main]
Manager.setStoreName,2019-05-30 08:10:53.715,Thread[main,5,main]
Product.getName,2019-05-30 08:10:54.899,Thread[main,5,main]
Product.getPrice,2019-05-30 08:10:54.899,Thread[main,5,main]
Product.getName,2019-05-30 08:10:54.899,Thread[main,5,main]
Product.getPrice,2019-05-30 08:10:54.899,Thread[main,5,main]
Manager.getProductById,2019-05-30 08:11:06.103,Thread[AWT-EventQueue-0,6,main]
Manager.setStoreName,2019-05-30 08:13:20.425,Thread[main,5,main]
Product.getName,2019-05-30 08:13:21.625,Thread[main,5,main]
Product.getPrice,2019-05-30 08:13:21.625,Thread[main,5,main]
Product.getName,2019-05-30 08:13:21.625,Thread[main,5,main]
Product.getPrice,2019-05-30 08:13:21.625,Thread[main,5,main]
Product.getName,2019-05-30 08:13:43.061,Thread[AWT-EventQueue-0,6,main]
Product.getPrice,2019-05-30 08:13:43.065,Thread[AWT-EventQueue-0,6,main]
Product.getName,2019-05-30 08:13:43.065,Thread[AWT-EventQueue-0,6,main]
Product.getPrice,2019-05-30 08:13:43.065,Thread[AWT-EventQueue-0,6,main]
Product.getName,2019-05-30 08:13:43.065,Thread[AWT-EventQueue-0,6,main]
Product.getPrice,2019-05-30 08:13:43.065,Thread[AWT-EventQueue-0,6,main]
Manager.getProductById,2019-05-30 08:13:47.901,Thread[AWT-EventQueue-0,6,main]
Product.getName,2019-05-30 08:13:47.901,Thread[AWT-EventQueue-0,6,main]
Product.getPrice,2019-05-30 08:13:47.905,Thread[AWT-EventQueue-0,6,main]
Product.getName,2019-05-30 08:13:51.469,Thread[AWT-EventQueue-0,6,main]
Product.getPrice,2019-05-30 08:13:51.469,Thread[AWT-EventQueue-0,6,main]
Product.getName,2019-05-30 08:13:51.469,Thread[AWT-EventQueue-0,6,main]
Product.getPrice,2019-05-30 08:13:51.469,Thread[AWT-EventQueue-0,6,main]
Product.getName,2019-05-30 08:13:51.469,Thread[AWT-EventQueue-0,6,main]
Product.getPrice,2019-05-30 08:13:51.469,Thread[AWT-EventQueue-0,6,main]
Manager.getProductById,2019-05-30 08:14:02.506,Thread[AWT-EventQueue-0,6,main]
Product.getName,2019-05-30 08:14:02.506,Thread[AWT-EventQueue-0,6,main]
Product.getName,2019-05-30 08:14:03.89,Thread[AWT-EventQueue-0,6,main]
Product.getPrice,2019-05-30 08:14:03.89,Thread[AWT-EventQueue-0,6,main]
Product.getName,2019-05-30 08:14:03.89,Thread[AWT-EventQueue-0,6,main]
Product.getPrice,2019-05-30 08:14:03.89,Thread[AWT-EventQueue-0,6,main]
Manager.getProductById,2019-05-30 08:14:08.55,Thread[AWT-EventQueue-0,6,main]
Product.getName,2019-05-30 08:14:08.554,Thread[AWT-EventQueue-0,6,main]
Product.getPrice,2019-05-30 08:14:08.554,Thread[AWT-EventQueue-0,6,main]
Product.getName,2019-05-30 08:14:12.358,Thread[AWT-EventQueue-0,6,main]
Product.getPrice,2019-05-30 08:14:12.358,Thread[AWT-EventQueue-0,6,main]
Product.getName,2019-05-30 08:14:12.358,Thread[AWT-EventQueue-0,6,main]
Product.getPrice,2019-05-30 08:14:12.358,Thread[AWT-EventQueue-0,6,main]
new client,2019-05-30 08:14:38.659,Thread[AWT-EventQueue-0,6,main]
Manager.setStoreName,2019-06-01 12:45:24.862,Thread[main,5,main]
Product.getName,2019-06-01 12:45:27.93,Thread[main,5,main]
Product.getPrice,2019-06-01 12:45:27.93,Thread[main,5,main]
Product.getName,2019-06-01 12:45:27.931,Thread[main,5,main]
Product.getPrice,2019-06-01 12:45:27.931,Thread[main,5,main]
Manager.setStoreName,2019-06-01 12:47:56.564,Thread[main,5,main]
Product.getName,2019-06-01 12:47:57.921,Thread[main,5,main]
Product.getPrice,2019-06-01 12:47:57.922,Thread[main,5,main]
Product.getName,2019-06-01 12:47:57.922,Thread[main,5,main]
Product.getPrice,2019-06-01 12:47:57.922,Thread[main,5,main]
new client,2019-06-01 12:50:11.252,Thread[AWT-EventQueue-0,6,main]
Manager.setStoreName,2019-06-01 12:51:52.42,Thread[main,5,main]
Product.getName,2019-06-01 12:51:53.615,Thread[main,5,main]
Product.getPrice,2019-06-01 12:51:53.616,Thread[main,5,main]
Product.getName,2019-06-01 12:51:53.616,Thread[main,5,main]
Product.getPrice,2019-06-01 12:51:53.616,Thread[main,5,main]
Manager.setStoreName,2019-06-01 12:52:20.692,Thread[main,5,main]
Product.getName,2019-06-01 12:52:22.085,Thread[main,5,main]
Product.getPrice,2019-06-01 12:52:22.085,Thread[main,5,main]
Product.getName,2019-06-01 12:52:22.086,Thread[main,5,main]
Product.getPrice,2019-06-01 12:52:22.086,Thread[main,5,main]
Manager.setStoreName,2019-06-01 12:53:21.072,Thread[main,5,main]
Product.getName,2019-06-01 12:53:22.387,Thread[main,5,main]
Product.getPrice,2019-06-01 12:53:22.387,Thread[main,5,main]
Product.getName,2019-06-01 12:53:22.388,Thread[main,5,main]
Product.getPrice,2019-06-01 12:53:22.388,Thread[main,5,main]
Manager.setStoreName,2019-06-01 12:53:29.821,Thread[main,5,main]
Product.getName,2019-06-01 12:53:31.004,Thread[main,5,main]
Product.getPrice,2019-06-01 12:53:31.005,Thread[main,5,main]
Product.getName,2019-06-01 12:53:31.005,Thread[main,5,main]
Product.getPrice,2019-06-01 12:53:31.005,Thread[main,5,main]
Manager.setStoreName,2019-06-01 12:53:37.805,Thread[main,5,main]
Product.getName,2019-06-01 12:53:39.143,Thread[main,5,main]
Product.getPrice,2019-06-01 12:53:39.143,Thread[main,5,main]
Product.getName,2019-06-01 12:53:39.143,Thread[main,5,main]
Product.getPrice,2019-06-01 12:53:39.144,Thread[main,5,main]
Manager.getClientById,2019-06-01 12:56:16.908,Thread[AWT-EventQueue-0,6,main]
Manager.getClientById,2019-06-01 12:56:29.578,Thread[AWT-EventQueue-0,6,main]
Manager.setStoreName,2019-06-01 13:00:57.087,Thread[main,5,main]
Product.getName,2019-06-01 13:00:58.43,Thread[main,5,main]
Product.getPrice,2019-06-01 13:00:58.431,Thread[main,5,main]
Product.getName,2019-06-01 13:00:58.431,Thread[main,5,main]
Product.getPrice,2019-06-01 13:00:58.432,Thread[main,5,main]
Manager.setStoreName,2019-06-01 13:42:05.257,Thread[main,5,main]
Product.getName,2019-06-01 13:42:06.573,Thread[main,5,main]
Product.getPrice,2019-06-01 13:42:06.573,Thread[main,5,main]
Product.getName,2019-06-01 13:42:06.573,Thread[main,5,main]
Product.getPrice,2019-06-01 13:42:06.573,Thread[main,5,main]
Manager.setStoreName,2019-06-01 13:42:18.922,Thread[main,5,main]
Product.getName,2019-06-01 13:42:20.008,Thread[main,5,main]
Product.getPrice,2019-06-01 13:42:20.008,Thread[main,5,main]
Product.getName,2019-06-01 13:42:20.008,Thread[main,5,main]
Product.getPrice,2019-06-01 13:42:20.008,Thread[main,5,main]
Manager.setStoreName,2019-06-01 13:42:47.582,Thread[main,5,main]
Product.getName,2019-06-01 13:42:48.719,Thread[main,5,main]
Product.getPrice,2019-06-01 13:42:48.72,Thread[main,5,main]
Product.getName,2019-06-01 13:42:48.72,Thread[main,5,main]
Product.getPrice,2019-06-01 13:42:48.72,Thread[main,5,main]
Manager.setStoreName,2019-06-01 13:43:31.344,Thread[main,5,main]
Product.getName,2019-06-01 13:43:32.52,Thread[main,5,main]
Product.getPrice,2019-06-01 13:43:32.521,Thread[main,5,main]
Product.getName,2019-06-01 13:43:32.521,Thread[main,5,main]
Product.getPrice,2019-06-01 13:43:32.521,Thread[main,5,main]
Manager.setStoreName,2019-06-01 13:44:20.671,Thread[main,5,main]
Product.getName,2019-06-01 13:44:21.821,Thread[main,5,main]
Product.getPrice,2019-06-01 13:44:21.822,Thread[main,5,main]
Product.getName,2019-06-01 13:44:21.822,Thread[main,5,main]
Product.getPrice,2019-06-01 13:44:21.822,Thread[main,5,main]
Manager.setStoreName,2019-06-01 13:44:36.452,Thread[main,5,main]
Product.getName,2019-06-01 13:44:37.654,Thread[main,5,main]
Product.getPrice,2019-06-01 13:44:37.654,Thread[main,5,main]
Product.getName,2019-06-01 13:44:37.654,Thread[main,5,main]
Product.getPrice,2019-06-01 13:44:37.654,Thread[main,5,main]
Manager.setStoreName,2019-06-01 14:39:04.142,Thread[main,5,main]
Product.getName,2019-06-01 14:39:05.307,Thread[main,5,main]
Product.getPrice,2019-06-01 14:39:05.307,Thread[main,5,main]
Product.getName,2019-06-01 14:39:05.307,Thread[main,5,main]
Product.getPrice,2019-06-01 14:39:05.307,Thread[main,5,main]
Manager.setStoreName,2019-06-01 14:44:50.644,Thread[main,5,main]
Product.getName,2019-06-01 14:44:51.81,Thread[main,5,main]
Product.getPrice,2019-06-01 14:44:51.81,Thread[main,5,main]
Product.getName,2019-06-01 14:44:51.81,Thread[main,5,main]
Product.getPrice,2019-06-01 14:44:51.81,Thread[main,5,main]
Manager.setStoreName,2019-06-01 19:45:22.694,Thread[main,5,main]
Product.getName,2019-06-01 19:45:23.865,Thread[main,5,main]
Product.getPrice,2019-06-01 19:45:23.865,Thread[main,5,main]
Product.getName,2019-06-01 19:45:23.881,Thread[main,5,main]
Product.getPrice,2019-06-01 19:45:23.881,Thread[main,5,main]
Product.getName,2019-06-01 19:45:23.897,Thread[main,5,main]
Product.getPrice,2019-06-01 19:45:23.897,Thread[main,5,main]
Product.getName,2019-06-01 19:45:23.897,Thread[main,5,main]
Product.getPrice,2019-06-01 19:45:23.897,Thread[main,5,main]
Manager.setStoreName,2019-06-01 19:45:36.946,Thread[main,5,main]
Product.getName,2019-06-01 19:45:38.065,Thread[main,5,main]
Product.getPrice,2019-06-01 19:45:38.065,Thread[main,5,main]
Product.getName,2019-06-01 19:45:38.065,Thread[main,5,main]
Product.getPrice,2019-06-01 19:45:38.065,Thread[main,5,main]
Manager.setStoreName,2019-06-01 19:46:00.943,Thread[main,5,main]
Product.getName,2019-06-01 19:46:02.143,Thread[main,5,main]
Product.getPrice,2019-06-01 19:46:02.143,Thread[main,5,main]
Product.getName,2019-06-01 19:46:02.143,Thread[main,5,main]
Product.getPrice,2019-06-01 19:46:02.143,Thread[main,5,main]
Manager.setStoreName,2019-06-01 19:46:17.379,Thread[main,5,main]
Product.getName,2019-06-01 19:46:18.57,Thread[main,5,main]
Product.getPrice,2019-06-01 19:46:18.57,Thread[main,5,main]
Product.getName,2019-06-01 19:46:18.57,Thread[main,5,main]
Product.getPrice,2019-06-01 19:46:18.57,Thread[main,5,main]
Manager.setStoreName,2019-06-01 19:48:11.677,Thread[main,5,main]
Product.getName,2019-06-01 19:48:12.802,Thread[main,5,main]
Product.getPrice,2019-06-01 19:48:12.802,Thread[main,5,main]
Product.getName,2019-06-01 19:48:12.802,Thread[main,5,main]
Product.getPrice,2019-06-01 19:48:12.802,Thread[main,5,main]
Manager.setStoreName,2019-06-01 19:48:40.595,Thread[main,5,main]
Product.getName,2019-06-01 19:48:41.675,Thread[main,5,main]
Product.getPrice,2019-06-01 19:48:41.675,Thread[main,5,main]
Product.getName,2019-06-01 19:48:41.675,Thread[main,5,main]
Product.getPrice,2019-06-01 19:48:41.675,Thread[main,5,main]
Manager.setStoreName,2019-06-01 19:49:41.434,Thread[main,5,main]
Product.getName,2019-06-01 19:49:42.489,Thread[main,5,main]
Product.getPrice,2019-06-01 19:49:42.489,Thread[main,5,main]
Product.getName,2019-06-01 19:49:42.489,Thread[main,5,main]
Product.getPrice,2019-06-01 19:49:42.504,Thread[main,5,main]
Manager.setStoreName,2019-06-01 19:55:28.485,Thread[main,5,main]
Product.getName,2019-06-01 19:55:29.763,Thread[main,5,main]
Product.getPrice,2019-06-01 19:55:29.763,Thread[main,5,main]
Product.getName,2019-06-01 19:55:29.764,Thread[main,5,main]
Product.getPrice,2019-06-01 19:55:29.764,Thread[main,5,main]
Manager.setStoreName,2019-06-01 19:56:28.309,Thread[main,5,main]
Product.getName,2019-06-01 19:56:29.413,Thread[main,5,main]
Product.getPrice,2019-06-01 19:56:29.413,Thread[main,5,main]
Product.getName,2019-06-01 19:56:29.414,Thread[main,5,main]
Product.getPrice,2019-06-01 19:56:29.414,Thread[main,5,main]
Manager.setStoreName,2019-06-01 20:01:20.207,Thread[main,5,main]
Product.getName,2019-06-01 20:01:21.391,Thread[main,5,main]
Product.getPrice,2019-06-01 20:01:21.392,Thread[main,5,main]
Product.getName,2019-06-01 20:01:21.392,Thread[main,5,main]
Product.getPrice,2019-06-01 20:01:21.392,Thread[main,5,main]
Manager.setStoreName,2019-06-01 20:02:51.318,Thread[main,5,main]
Product.getName,2019-06-01 20:02:52.445,Thread[main,5,main]
Product.getPrice,2019-06-01 20:02:52.445,Thread[main,5,main]
Product.getName,2019-06-01 20:02:52.446,Thread[main,5,main]
Product.getPrice,2019-06-01 20:02:52.446,Thread[main,5,main]
Manager.setStoreName,2019-06-01 21:11:42.326,Thread[main,5,main]
Product.getName,2019-06-01 21:11:43.551,Thread[main,5,main]
Product.getPrice,2019-06-01 21:11:43.551,Thread[main,5,main]
Product.getName,2019-06-01 21:11:43.556,Thread[main,5,main]
Product.getPrice,2019-06-01 21:11:43.557,Thread[main,5,main]
Manager.setStoreName,2019-06-01 21:25:14.73,Thread[main,5,main]
Product.getName,2019-06-01 21:25:15.819,Thread[main,5,main]
Product.getPrice,2019-06-01 21:25:15.82,Thread[main,5,main]
Product.getName,2019-06-01 21:25:15.82,Thread[main,5,main]
Product.getPrice,2019-06-01 21:25:15.82,Thread[main,5,main]
Manager.setStoreName,2019-06-01 21:25:27.3,Thread[main,5,main]
Product.getName,2019-06-01 21:25:28.372,Thread[main,5,main]
Product.getPrice,2019-06-01 21:25:28.372,Thread[main,5,main]
Product.getName,2019-06-01 21:25:28.373,Thread[main,5,main]
Product.getPrice,2019-06-01 21:25:28.373,Thread[main,5,main]
Manager.setStoreName,2019-06-01 21:25:40.838,Thread[main,5,main]
Product.getName,2019-06-01 21:25:41.964,Thread[main,5,main]
Product.getPrice,2019-06-01 21:25:41.964,Thread[main,5,main]
Product.getName,2019-06-01 21:25:41.964,Thread[main,5,main]
Product.getPrice,2019-06-01 21:25:41.964,Thread[main,5,main]
Manager.setStoreName,2019-06-01 21:26:11.954,Thread[main,5,main]
Product.getName,2019-06-01 21:26:13.043,Thread[main,5,main]
Product.getPrice,2019-06-01 21:26:13.043,Thread[main,5,main]
Product.getName,2019-06-01 21:26:13.043,Thread[main,5,main]
Product.getPrice,2019-06-01 21:26:13.043,Thread[main,5,main]
Manager.setStoreName,2019-06-01 21:26:42.346,Thread[main,5,main]
Product.getName,2019-06-01 21:26:43.45,Thread[main,5,main]
Product.getPrice,2019-06-01 21:26:43.45,Thread[main,5,main]
Product.getName,2019-06-01 21:26:43.45,Thread[main,5,main]
Product.getPrice,2019-06-01 21:26:43.451,Thread[main,5,main]
Manager.setStoreName,2019-06-01 21:27:24.676,Thread[main,5,main]
Product.getName,2019-06-01 21:27:25.807,Thread[main,5,main]
Product.getPrice,2019-06-01 21:27:25.807,Thread[main,5,main]
Product.getName,2019-06-01 21:27:25.807,Thread[main,5,main]
Product.getPrice,2019-06-01 21:27:25.807,Thread[main,5,main]
Manager.setStoreName,2019-06-01 21:27:41.862,Thread[main,5,main]
Product.getName,2019-06-01 21:27:42.89,Thread[main,5,main]
Product.getPrice,2019-06-01 21:27:42.891,Thread[main,5,main]
Product.getName,2019-06-01 21:27:42.891,Thread[main,5,main]
Product.getPrice,2019-06-01 21:27:42.891,Thread[main,5,main]
Manager.setStoreName,2019-06-01 21:29:11.439,Thread[main,5,main]
Product.getName,2019-06-01 21:29:12.601,Thread[main,5,main]
Product.getPrice,2019-06-01 21:29:12.602,Thread[main,5,main]
Product.getName,2019-06-01 21:29:12.602,Thread[main,5,main]
Product.getPrice,2019-06-01 21:29:12.602,Thread[main,5,main]
Manager.setStoreName,2019-06-01 21:43:47.919,Thread[main,5,main]
Product.getName,2019-06-01 21:43:49.142,Thread[main,5,main]
Product.getPrice,2019-06-01 21:43:49.142,Thread[main,5,main]
Product.getName,2019-06-01 21:43:49.143,Thread[main,5,main]
Product.getPrice,2019-06-01 21:43:49.143,Thread[main,5,main]
Manager.setStoreName,2019-06-01 21:45:48.656,Thread[main,5,main]
Product.getName,2019-06-01 21:45:49.81,Thread[main,5,main]
Product.getPrice,2019-06-01 21:45:49.811,Thread[main,5,main]
Product.getName,2019-06-01 21:45:49.811,Thread[main,5,main]
Product.getPrice,2019-06-01 21:45:49.811,Thread[main,5,main]
Manager.setStoreName,2019-06-01 21:46:57.197,Thread[main,5,main]
Product.getName,2019-06-01 21:46:58.377,Thread[main,5,main]
Product.getPrice,2019-06-01 21:46:58.378,Thread[main,5,main]
Product.getName,2019-06-01 21:46:58.378,Thread[main,5,main]
Product.getPrice,2019-06-01 21:46:58.378,Thread[main,5,main]
Manager.setStoreName,2019-06-01 21:57:48.215,Thread[main,5,main]
Product.getName,2019-06-01 21:57:49.393,Thread[main,5,main]
Product.getPrice,2019-06-01 21:57:49.394,Thread[main,5,main]
Product.getName,2019-06-01 21:57:49.394,Thread[main,5,main]
Product.getPrice,2019-06-01 21:57:49.394,Thread[main,5,main]
Manager.setStoreName,2019-06-01 21:58:58.032,Thread[main,5,main]
Product.getName,2019-06-01 21:58:59.206,Thread[main,5,main]
Product.getPrice,2019-06-01 21:58:59.206,Thread[main,5,main]
Product.getName,2019-06-01 21:58:59.207,Thread[main,5,main]
Product.getPrice,2019-06-01 21:58:59.207,Thread[main,5,main]
Manager.setStoreName,2019-06-01 22:02:13.738,Thread[main,5,main]
Product.getName,2019-06-01 22:02:14.947,Thread[main,5,main]
Product.getPrice,2019-06-01 22:02:14.948,Thread[main,5,main]
Product.getName,2019-06-01 22:02:14.948,Thread[main,5,main]
Product.getPrice,2019-06-01 22:02:14.948,Thread[main,5,main]
Manager.setStoreName,2019-06-01 22:02:30.085,Thread[main,5,main]
Product.getName,2019-06-01 22:02:31.248,Thread[main,5,main]
Product.getPrice,2019-06-01 22:02:31.248,Thread[main,5,main]
Product.getName,2019-06-01 22:02:31.249,Thread[main,5,main]
Product.getPrice,2019-06-01 22:02:31.249,Thread[main,5,main]
Manager.setStoreName,2019-06-01 22:04:39.437,Thread[main,5,main]
Product.getName,2019-06-01 22:04:40.635,Thread[main,5,main]
Product.getPrice,2019-06-01 22:04:40.635,Thread[main,5,main]
Product.getName,2019-06-01 22:04:40.636,Thread[main,5,main]
Product.getPrice,2019-06-01 22:04:40.636,Thread[main,5,main]
Manager.setStoreName,2019-06-01 22:05:16.008,Thread[main,5,main]
Product.getName,2019-06-01 22:05:17.169,Thread[main,5,main]
Product.getPrice,2019-06-01 22:05:17.169,Thread[main,5,main]
Product.getName,2019-06-01 22:05:17.169,Thread[main,5,main]
Product.getPrice,2019-06-01 22:05:17.17,Thread[main,5,main]
Manager.setStoreName,2019-06-01 22:07:35.647,Thread[main,5,main]
Product.getName,2019-06-01 22:07:36.888,Thread[main,5,main]
Product.getPrice,2019-06-01 22:07:36.889,Thread[main,5,main]
Product.getName,2019-06-01 22:07:36.889,Thread[main,5,main]
Product.getPrice,2019-06-01 22:07:36.889,Thread[main,5,main]
Manager.setStoreName,2019-06-01 22:08:51.663,Thread[main,5,main]
Product.getName,2019-06-01 22:08:52.83,Thread[main,5,main]
Product.getPrice,2019-06-01 22:08:52.83,Thread[main,5,main]
Product.getName,2019-06-01 22:08:52.83,Thread[main,5,main]
Product.getPrice,2019-06-01 22:08:52.83,Thread[main,5,main]
Manager.setStoreName,2019-06-01 22:09:53.03,Thread[main,5,main]
Product.getName,2019-06-01 22:09:54.157,Thread[main,5,main]
Product.getPrice,2019-06-01 22:09:54.157,Thread[main,5,main]
Product.getName,2019-06-01 22:09:54.157,Thread[main,5,main]
Product.getPrice,2019-06-01 22:09:54.158,Thread[main,5,main]
Manager.setStoreName,2019-06-01 22:10:19.165,Thread[main,5,main]
Product.getName,2019-06-01 22:10:20.24,Thread[main,5,main]
Product.getPrice,2019-06-01 22:10:20.24,Thread[main,5,main]
Product.getName,2019-06-01 22:10:20.241,Thread[main,5,main]
Product.getPrice,2019-06-01 22:10:20.241,Thread[main,5,main]
Manager.setStoreName,2019-06-01 22:13:02.726,Thread[main,5,main]
Product.getName,2019-06-01 22:13:03.922,Thread[main,5,main]
Product.getPrice,2019-06-01 22:13:03.922,Thread[main,5,main]
Product.getName,2019-06-01 22:13:03.922,Thread[main,5,main]
Product.getPrice,2019-06-01 22:13:03.923,Thread[main,5,main]
Manager.setStoreName,2019-06-01 22:13:30.173,Thread[main,5,main]
Product.getName,2019-06-01 22:13:31.262,Thread[main,5,main]
Product.getPrice,2019-06-01 22:13:31.262,Thread[main,5,main]
Product.getName,2019-06-01 22:13:31.263,Thread[main,5,main]
Product.getPrice,2019-06-01 22:13:31.263,Thread[main,5,main]
Manager.setStoreName,2019-06-01 22:13:48.844,Thread[main,5,main]
Product.getName,2019-06-01 22:13:49.955,Thread[main,5,main]
Product.getPrice,2019-06-01 22:13:49.955,Thread[main,5,main]
Product.getName,2019-06-01 22:13:49.956,Thread[main,5,main]
Product.getPrice,2019-06-01 22:13:49.956,Thread[main,5,main]
Manager.setStoreName,2019-06-01 22:14:43.504,Thread[main,5,main]
Product.getName,2019-06-01 22:14:44.731,Thread[main,5,main]
Product.getPrice,2019-06-01 22:14:44.731,Thread[main,5,main]
Product.getName,2019-06-01 22:14:44.732,Thread[main,5,main]
Product.getPrice,2019-06-01 22:14:44.732,Thread[main,5,main]
Manager.setStoreName,2019-06-01 22:14:57.611,Thread[main,5,main]
Product.getName,2019-06-01 22:14:58.828,Thread[main,5,main]
Product.getPrice,2019-06-01 22:14:58.829,Thread[main,5,main]
Product.getName,2019-06-01 22:14:58.829,Thread[main,5,main]
Product.getPrice,2019-06-01 22:14:58.829,Thread[main,5,main]
Manager.setStoreName,2019-06-01 22:15:27.79,Thread[main,5,main]
Product.getName,2019-06-01 22:15:28.999,Thread[main,5,main]
Product.getPrice,2019-06-01 22:15:28.999,Thread[main,5,main]
Product.getName,2019-06-01 22:15:28.999,Thread[main,5,main]
Product.getPrice,2019-06-01 22:15:29.0,Thread[main,5,main]
Manager.setStoreName,2019-06-01 22:16:21.217,Thread[main,5,main]
Product.getName,2019-06-01 22:16:22.409,Thread[main,5,main]
Product.getPrice,2019-06-01 22:16:22.409,Thread[main,5,main]
Product.getName,2019-06-01 22:16:22.409,Thread[main,5,main]
Product.getPrice,2019-06-01 22:16:22.41,Thread[main,5,main]
Manager.setStoreName,2019-06-01 22:19:14.696,Thread[main,5,main]
Product.getName,2019-06-01 22:19:15.936,Thread[main,5,main]
Product.getPrice,2019-06-01 22:19:15.936,Thread[main,5,main]
Product.getName,2019-06-01 22:19:15.936,Thread[main,5,main]
Product.getPrice,2019-06-01 22:19:15.936,Thread[main,5,main]
Manager.setStoreName,2019-06-01 22:29:43.18,Thread[main,5,main]
Product.getName,2019-06-01 22:29:44.384,Thread[main,5,main]
Product.getPrice,2019-06-01 22:29:44.384,Thread[main,5,main]
Product.getName,2019-06-01 22:29:44.385,Thread[main,5,main]
Product.getPrice,2019-06-01 22:29:44.385,Thread[main,5,main]
Manager.setStoreName,2019-06-01 22:31:10.167,Thread[main,5,main]
Product.getName,2019-06-01 22:31:11.302,Thread[main,5,main]
Product.getPrice,2019-06-01 22:31:11.303,Thread[main,5,main]
Product.getName,2019-06-01 22:31:11.303,Thread[main,5,main]
Product.getPrice,2019-06-01 22:31:11.303,Thread[main,5,main]
Manager.setStoreName,2019-06-01 22:32:19.844,Thread[main,5,main]
Product.getName,2019-06-01 22:32:21.026,Thread[main,5,main]
Product.getPrice,2019-06-01 22:32:21.027,Thread[main,5,main]
Product.getName,2019-06-01 22:32:21.027,Thread[main,5,main]
Product.getPrice,2019-06-01 22:32:21.028,Thread[main,5,main]
Manager.setStoreName,2019-06-01 22:33:12.547,Thread[main,5,main]
Product.getName,2019-06-01 22:33:13.726,Thread[main,5,main]
Product.getPrice,2019-06-01 22:33:13.727,Thread[main,5,main]
Product.getName,2019-06-01 22:33:13.727,Thread[main,5,main]
Product.getPrice,2019-06-01 22:33:13.727,Thread[main,5,main]
Manager.setStoreName,2019-06-01 22:33:28.493,Thread[main,5,main]
Product.getName,2019-06-01 22:33:29.687,Thread[main,5,main]
Product.getPrice,2019-06-01 22:33:29.688,Thread[main,5,main]
Product.getName,2019-06-01 22:33:29.688,Thread[main,5,main]
Product.getPrice,2019-06-01 22:33:29.688,Thread[main,5,main]
Manager.setStoreName,2019-06-01 22:33:47.669,Thread[main,5,main]
Product.getName,2019-06-01 22:33:48.78,Thread[main,5,main]
Product.getPrice,2019-06-01 22:33:48.781,Thread[main,5,main]
Product.getName,2019-06-01 22:33:48.781,Thread[main,5,main]
Product.getPrice,2019-06-01 22:33:48.781,Thread[main,5,main]
Manager.setStoreName,2019-06-01 22:34:35.873,Thread[main,5,main]
Product.getName,2019-06-01 22:34:36.987,Thread[main,5,main]
Product.getPrice,2019-06-01 22:34:36.988,Thread[main,5,main]
Product.getName,2019-06-01 22:34:36.988,Thread[main,5,main]
Product.getPrice,2019-06-01 22:34:36.988,Thread[main,5,main]
Manager.setStoreName,2019-06-01 22:34:54.003,Thread[main,5,main]
Product.getName,2019-06-01 22:34:55.134,Thread[main,5,main]
Product.getPrice,2019-06-01 22:34:55.134,Thread[main,5,main]
Product.getName,2019-06-01 22:34:55.135,Thread[main,5,main]
Product.getPrice,2019-06-01 22:34:55.135,Thread[main,5,main]
Manager.setStoreName,2019-06-01 22:37:08.825,Thread[main,5,main]
Product.getName,2019-06-01 22:37:10.057,Thread[main,5,main]
Product.getPrice,2019-06-01 22:37:10.058,Thread[main,5,main]
Product.getName,2019-06-01 22:37:10.058,Thread[main,5,main]
Product.getPrice,2019-06-01 22:37:10.058,Thread[main,5,main]
Manager.setStoreName,2019-06-01 22:43:45.013,Thread[main,5,main]
Product.getName,2019-06-01 22:43:46.175,Thread[main,5,main]
Product.getPrice,2019-06-01 22:43:46.175,Thread[main,5,main]
Product.getName,2019-06-01 22:43:46.176,Thread[main,5,main]
Product.getPrice,2019-06-01 22:43:46.176,Thread[main,5,main]
Manager.setStoreName,2019-06-01 22:44:14.761,Thread[main,5,main]
Product.getName,2019-06-01 22:44:15.958,Thread[main,5,main]
Product.getPrice,2019-06-01 22:44:15.958,Thread[main,5,main]
Product.getName,2019-06-01 22:44:15.958,Thread[main,5,main]
Product.getPrice,2019-06-01 22:44:15.959,Thread[main,5,main]
Manager.setStoreName,2019-06-01 22:47:58.048,Thread[main,5,main]
Product.getName,2019-06-01 22:47:59.226,Thread[main,5,main]
Product.getPrice,2019-06-01 22:47:59.226,Thread[main,5,main]
Product.getName,2019-06-01 22:47:59.226,Thread[main,5,main]
Product.getPrice,2019-06-01 22:47:59.227,Thread[main,5,main]
Manager.setStoreName,2019-06-01 22:48:13.204,Thread[main,5,main]
Product.getName,2019-06-01 22:48:14.326,Thread[main,5,main]
Product.getPrice,2019-06-01 22:48:14.327,Thread[main,5,main]
Product.getName,2019-06-01 22:48:14.327,Thread[main,5,main]
Product.getPrice,2019-06-01 22:48:14.327,Thread[main,5,main]
Manager.setStoreName,2019-06-01 22:52:41.597,Thread[main,5,main]
Product.getName,2019-06-01 22:52:42.79,Thread[main,5,main]
Product.getPrice,2019-06-01 22:52:42.79,Thread[main,5,main]
Product.getName,2019-06-01 22:52:42.791,Thread[main,5,main]
Product.getPrice,2019-06-01 22:52:42.791,Thread[main,5,main]
Manager.setStoreName,2019-06-01 22:53:13.0,Thread[main,5,main]
Product.getName,2019-06-01 22:53:14.256,Thread[main,5,main]
Product.getPrice,2019-06-01 22:53:14.256,Thread[main,5,main]
Product.getName,2019-06-01 22:53:14.256,Thread[main,5,main]
Product.getPrice,2019-06-01 22:53:14.257,Thread[main,5,main]
Manager.setStoreName,2019-06-01 22:53:38.395,Thread[main,5,main]
Product.getName,2019-06-01 22:53:39.661,Thread[main,5,main]
Product.getPrice,2019-06-01 22:53:39.661,Thread[main,5,main]
Product.getName,2019-06-01 22:53:39.662,Thread[main,5,main]
Product.getPrice,2019-06-01 22:53:39.662,Thread[main,5,main]
Manager.setStoreName,2019-06-01 22:54:27.334,Thread[main,5,main]
Product.getName,2019-06-01 22:54:28.603,Thread[main,5,main]
Product.getPrice,2019-06-01 22:54:28.604,Thread[main,5,main]
Product.getName,2019-06-01 22:54:28.604,Thread[main,5,main]
Product.getPrice,2019-06-01 22:54:28.604,Thread[main,5,main]
Manager.setStoreName,2019-06-01 22:59:15.698,Thread[main,5,main]
Product.getName,2019-06-01 22:59:16.822,Thread[main,5,main]
Product.getPrice,2019-06-01 22:59:16.822,Thread[main,5,main]
Product.getName,2019-06-01 22:59:16.822,Thread[main,5,main]
Product.getPrice,2019-06-01 22:59:16.823,Thread[main,5,main]
Manager.setStoreName,2019-06-01 22:59:38.808,Thread[main,5,main]
Product.getName,2019-06-01 22:59:40.177,Thread[main,5,main]
Product.getPrice,2019-06-01 22:59:40.178,Thread[main,5,main]
Product.getName,2019-06-01 22:59:40.178,Thread[main,5,main]
Product.getPrice,2019-06-01 22:59:40.178,Thread[main,5,main]
Manager.setStoreName,2019-06-01 23:00:50.934,Thread[main,5,main]
Product.getName,2019-06-01 23:00:52.099,Thread[main,5,main]
Product.getPrice,2019-06-01 23:00:52.1,Thread[main,5,main]
Product.getName,2019-06-01 23:00:52.1,Thread[main,5,main]
Product.getPrice,2019-06-01 23:00:52.1,Thread[main,5,main]
Manager.setStoreName,2019-06-01 23:01:08.593,Thread[main,5,main]
Product.getName,2019-06-01 23:01:09.717,Thread[main,5,main]
Product.getPrice,2019-06-01 23:01:09.718,Thread[main,5,main]
Product.getName,2019-06-01 23:01:09.718,Thread[main,5,main]
Product.getPrice,2019-06-01 23:01:09.719,Thread[main,5,main]
